__quarterly__,yw_gap,rw,rrw_tnd,cpiw,roc_cpiw,x,y,ny,py,roc_y,roc4_y,roc_ny,roc_py,y_gap,y_tnd,roc_y_tnd,cpi,roc_cpi,roc4_cpi,roc_cpi_exp,r,rr,rr_gap,rr_tnd,r_tnd,e,roc_e,e_exp,re,re_tnd,roc_re_tnd,re_gap,roc_re_gap,roc_e_gap,prem,prem_tnd,prem_gap,r_uc,fwy_fund,fwy,fwy_bubble,new_rl_full_spread_gap,tune_yw_gap,tune_rw,tune_rrw_tnd,tune_roc_cpiw,shock_yw_gap,shock_rw,shock_rrw_tnd,shock_roc_cpiw,tune_y_gap,tune_roc_y_tnd,tune_roc_cpi,tune_r,tune_prem_gap,tune_rr_tnd,shock_y_gap,shock_roc_y_tnd,shock_y_tnd,shock_roc_py,shock_roc_cpi,shock_r,shock_e,shock_roc_re_tnd,shock_prem_gap,shock_rr_tnd,shock_x,shock_c0_x,shock_fwy_bubble,ttrend,,__eof__
,Foreign demand gap,"Foreign short-term rate, FCY","Foreign real short-term rate, FCY",Foreign CPI,"Foreign CPI, Rate of change",Stress scenario factor,Real GDP,Nominal GDP,GDP deflator,"Real GDP, Rate of change","Real GDP,  Four-quarter rate of change","Nominal GDP, Rate of change","GDP deflator, Rate of change",GDP gap,GDP trend (potential),"GDP trend (potential), Rate of change",CPI,"CPI, Rate of change","CPI, Four-quarter rate of change",Inflation expectations,Short-term cash rate,Real short-term rate,Real short-term rate gap,Real short-term rate trend,Short-term cash rate trend,Nominal exchange rate,"Nominal exchange rate, Rate of change",Nominal exchange rate expectations,Real exchange rate,Real exchange rate trend,Real exchange rate trend,Real exchange rate gap,"Real exchange rate gap, Rate of change",Nominal exchange rate depreciation gap,Interest disparity,Interest disparity trend,Interest disparity gap,"Short-term cash rate, unconstrained",Real future income proxy,Actual real market valuation of assets,Bubble in market valuation of assets,new_rl_full_spread_gap,Tune on foreign demand gap,Tune on foreign short-term rate,Tune on real foreign short-term rate trend,Tune on to foreign CPI inflation,Shock to foreign demand gap,"Shock to foreign short-term rate, FCY","Shock to real foreign short-term rate trend, FCY",Shock to foreign CPI inflation,Tunes on GDP gap,Tune on GDP trend growth,Tune on CPI,"Tune on short term cash rate, LCY",Tune on autonomous cyclical component in interest disparity,Tune on real short-term rate trend,Shock to GDP gap,Shock to GDP trend growth,Shock to GDP trend level,Shock to GDP deflator,Shock to CPI,"Shock to short term cash rate, LCY",Shock to exchange rate,Shock to real exchange rate trend,Shock to autonomous cyclical component in interest disparity,Shock to real short-term rate trend,Shock to stress scenario factor,Shock to A/R stress scenario factor,Shock to bubble in market valuation of assets,Time trend,,__eof__
2000Q1,1.00241520908365,0.0138,NaN,1.701,NaN,NaN,NaN,NaN,NaN,NaN,NaN,NaN,NaN,NaN,NaN,NaN,0.56555540082456,NaN,NaN,NaN,0.0225833333333333,NaN,NaN,NaN,NaN,1.94348666666667,NaN,NaN,5.84535275444309,6.43554152516123,NaN,0.908292290802466,NaN,NaN,NaN,NaN,NaN,NaN,NaN,NaN,NaN,NaN,NaN,NaN,NaN,NaN,NaN,NaN,NaN,NaN,NaN,NaN,NaN,NaN,NaN,NaN,NaN,NaN,NaN,NaN,NaN,NaN,NaN,NaN,NaN,NaN,NaN,NaN,NaN,NaN,,__eof__
2000Q2,1.01484788637019,0.0142833333333333,0.00393228242926974,1.71433333333333,1.00783852635704,NaN,NaN,NaN,NaN,NaN,NaN,NaN,NaN,NaN,NaN,NaN,0.578446166072679,1.02279310785349,NaN,NaN,0.0264,NaN,NaN,0.00642321984326861,NaN,2.05421,NaN,NaN,6.08803529734898,6.47053364485667,1.00543732327087,0.940886120295236,NaN,NaN,NaN,NaN,NaN,NaN,NaN,NaN,NaN,NaN,NaN,NaN,NaN,NaN,NaN,NaN,NaN,NaN,NaN,NaN,NaN,NaN,NaN,NaN,NaN,NaN,NaN,NaN,NaN,NaN,NaN,NaN,NaN,NaN,NaN,NaN,NaN,NaN,,__eof__
2000Q3,1.01006917834946,0.0150416666666667,0.00354481323432391,1.73,1.00913863503792,NaN,NaN,NaN,NaN,NaN,NaN,NaN,NaN,NaN,NaN,NaN,0.587764772006691,1.01610972028267,NaN,NaN,0.0307523333333332,NaN,NaN,0.00612398442904778,NaN,2.18749333333333,NaN,NaN,6.43856802398423,6.50532492813856,1.00537688005217,0.98973811379266,NaN,NaN,NaN,NaN,NaN,NaN,NaN,NaN,NaN,NaN,NaN,NaN,NaN,NaN,NaN,NaN,NaN,NaN,NaN,NaN,NaN,NaN,NaN,NaN,NaN,NaN,NaN,NaN,NaN,NaN,NaN,NaN,NaN,NaN,NaN,NaN,NaN,NaN,,__eof__
2000Q4,1.01026781716482,0.0150416666666667,0.0031581648392657,1.74233333333333,1.00712909441233,NaN,NaN,NaN,NaN,NaN,NaN,NaN,NaN,NaN,NaN,NaN,0.597115388642587,1.01590877351151,NaN,NaN,0.0289921666666668,NaN,NaN,0.00582378344553875,NaN,2.16648333333333,NaN,NaN,6.32161923737858,6.53926790415502,1.00521772184962,0.966716661564187,NaN,NaN,NaN,NaN,NaN,NaN,NaN,NaN,NaN,NaN,NaN,NaN,NaN,NaN,NaN,NaN,NaN,NaN,NaN,NaN,NaN,NaN,NaN,NaN,NaN,NaN,NaN,NaN,NaN,NaN,NaN,NaN,NaN,NaN,NaN,NaN,NaN,NaN,,__eof__
2001Q1,1.00121012255144,0.0120416666666667,0.00277392629773874,1.759,1.00956571647217,NaN,NaN,NaN,NaN,NaN,NaN,NaN,NaN,NaN,NaN,NaN,0.611334479228226,1.02381296958024,NaN,NaN,0.0281653333333333,NaN,NaN,0.00552441348347643,NaN,2.25453333333333,NaN,NaN,6.48699569234149,6.57165962350081,1.00495341677701,0.98711681127602,NaN,NaN,NaN,NaN,NaN,NaN,NaN,NaN,NaN,NaN,NaN,NaN,NaN,NaN,NaN,NaN,NaN,NaN,NaN,NaN,NaN,NaN,NaN,NaN,NaN,NaN,NaN,NaN,NaN,NaN,NaN,NaN,NaN,NaN,NaN,NaN,NaN,NaN,,__eof__
2001Q2,1.00159415884478,0.00915,0.0023952527958007,1.77133333333333,1.00701155959825,NaN,NaN,NaN,NaN,NaN,NaN,NaN,NaN,NaN,NaN,NaN,0.62441331148693,1.02139390579641,NaN,NaN,0.0277916666666667,NaN,NaN,0.00523002270972303,NaN,2.32523,NaN,NaN,6.59620371778841,6.60164475842691,1.00456279488653,0.999175805297376,NaN,NaN,NaN,NaN,NaN,NaN,NaN,NaN,NaN,NaN,NaN,NaN,NaN,NaN,NaN,NaN,NaN,NaN,NaN,NaN,NaN,NaN,NaN,NaN,NaN,NaN,NaN,NaN,NaN,NaN,NaN,NaN,NaN,NaN,NaN,NaN,NaN,NaN,,__eof__
2001Q3,0.991727904875156,0.007925,0.00202519237419902,1.77633333333333,1.00282273240497,NaN,NaN,NaN,NaN,NaN,NaN,NaN,NaN,NaN,NaN,NaN,0.634895910333331,1.01678791699914,NaN,NaN,0.0258208333333332,NaN,NaN,0.00494433486387411,NaN,2.30713666666667,NaN,NaN,6.4549852957848,6.62830131843138,1.00403786646812,0.973852120728936,NaN,NaN,NaN,NaN,NaN,NaN,NaN,NaN,NaN,NaN,NaN,NaN,NaN,NaN,NaN,NaN,NaN,NaN,NaN,NaN,NaN,NaN,NaN,NaN,NaN,NaN,NaN,NaN,NaN,NaN,NaN,NaN,NaN,NaN,NaN,NaN,NaN,NaN,,__eof__
2001Q4,0.988539310876543,0.00476666666666667,0.00166670250641499,1.775,0.999249390129482,NaN,NaN,NaN,NaN,NaN,NaN,NaN,NaN,NaN,NaN,NaN,0.643700598887029,1.01386792450604,NaN,NaN,0.022475,NaN,NaN,0.00467141826285283,NaN,2.31267333333333,NaN,NaN,6.37718090330237,6.65069387558629,1.00337832516646,0.958874520854442,NaN,NaN,NaN,NaN,NaN,NaN,NaN,NaN,NaN,NaN,NaN,NaN,NaN,NaN,NaN,NaN,NaN,NaN,NaN,NaN,NaN,NaN,NaN,NaN,NaN,NaN,NaN,NaN,NaN,NaN,NaN,NaN,NaN,NaN,NaN,NaN,NaN,NaN,,__eof__
2002Q1,0.990653828517754,0.0043,0.00132376157040467,1.78066666666667,1.00319248826291,NaN,NaN,NaN,NaN,NaN,NaN,NaN,NaN,NaN,NaN,NaN,0.651827073894798,1.01262461930565,NaN,NaN,0.019575,NaN,NaN,0.00441665437070642,NaN,2.28133,NaN,NaN,6.23215642515995,6.66777175417134,1.00256783410942,0.934668530196933,NaN,NaN,NaN,NaN,NaN,NaN,NaN,NaN,NaN,NaN,NaN,NaN,NaN,NaN,NaN,NaN,NaN,NaN,NaN,NaN,NaN,NaN,NaN,NaN,NaN,NaN,NaN,NaN,NaN,NaN,NaN,NaN,NaN,NaN,NaN,NaN,NaN,NaN,,__eof__
2002Q2,0.990545145180593,0.00428333333333333,0.00100163285027872,1.79466666666667,1.00786222388618,NaN,NaN,NaN,NaN,NaN,NaN,NaN,NaN,NaN,NaN,NaN,0.661692689739024,1.01513532689779,NaN,NaN,0.014875,NaN,NaN,0.00418669729402317,NaN,2.31253333333333,NaN,NaN,6.27213592238078,6.6783099748344,1.00158047111563,0.93918011383356,NaN,NaN,NaN,NaN,NaN,NaN,NaN,NaN,NaN,NaN,NaN,NaN,NaN,NaN,NaN,NaN,NaN,NaN,NaN,NaN,NaN,NaN,NaN,NaN,NaN,NaN,NaN,NaN,NaN,NaN,NaN,NaN,NaN,NaN,NaN,NaN,NaN,NaN,,__eof__
2002Q3,0.988210195157584,0.00410833333333333,0.000705506372047885,1.80433333333333,1.00538632986627,NaN,NaN,NaN,NaN,NaN,NaN,NaN,NaN,NaN,NaN,NaN,0.673122121241384,1.01727302066291,NaN,NaN,0.0132083333333333,NaN,NaN,0.00398901683084519,NaN,2.63505666666667,NaN,NaN,7.06338482847735,6.68081111123239,1.00037451636827,1.05726456127486,NaN,NaN,NaN,NaN,NaN,NaN,NaN,NaN,NaN,NaN,NaN,NaN,NaN,NaN,NaN,NaN,NaN,NaN,NaN,NaN,NaN,NaN,NaN,NaN,NaN,NaN,NaN,NaN,NaN,NaN,NaN,NaN,NaN,NaN,NaN,NaN,NaN,NaN,,__eof__
2002Q4,0.983061530876825,0.00333333333333333,0.000439054626767559,1.815,1.00591169406983,NaN,NaN,NaN,NaN,NaN,NaN,NaN,NaN,NaN,NaN,NaN,0.68734213622143,1.02112546079131,NaN,NaN,0.0129416666666667,NaN,NaN,0.00382960173161286,NaN,2.78980333333333,NaN,NaN,7.3667723585751,6.67353962564909,0.998911586413351,1.10387781774182,NaN,NaN,NaN,NaN,NaN,NaN,NaN,NaN,NaN,NaN,NaN,NaN,NaN,NaN,NaN,NaN,NaN,NaN,NaN,NaN,NaN,NaN,NaN,NaN,NaN,NaN,NaN,NaN,NaN,NaN,NaN,NaN,NaN,NaN,NaN,NaN,NaN,NaN,,__eof__
2003Q1,0.98157703259562,0.00289166666666667,0.000205291220135325,1.83366666666667,1.01028466483012,NaN,NaN,NaN,NaN,NaN,NaN,NaN,NaN,NaN,NaN,NaN,0.699967129628837,1.0183678443996,NaN,NaN,0.0149083333333333,NaN,NaN,0.00371177918447678,NaN,2.94129,NaN,NaN,7.70514100120655,6.65503736553538,0.99722751925491,1.15779079485104,NaN,NaN,NaN,NaN,NaN,NaN,NaN,NaN,NaN,NaN,NaN,NaN,NaN,NaN,NaN,NaN,NaN,NaN,NaN,NaN,NaN,NaN,NaN,NaN,NaN,NaN,NaN,NaN,NaN,NaN,NaN,NaN,NaN,NaN,NaN,NaN,NaN,NaN,,__eof__
2003Q2,0.983650746348908,0.0026,6.22900369453522e-06,1.83066666666667,0.998363933830213,NaN,NaN,NaN,NaN,NaN,NaN,NaN,NaN,NaN,NaN,NaN,0.712492512359182,1.01789424417256,NaN,NaN,0.017475,NaN,NaN,0.00363492834886115,NaN,2.87083666666667,NaN,NaN,7.37628101340902,6.62432385132715,0.995384922349606,1.11351455317681,NaN,NaN,NaN,NaN,NaN,NaN,NaN,NaN,NaN,NaN,NaN,NaN,NaN,NaN,NaN,NaN,NaN,NaN,NaN,NaN,NaN,NaN,NaN,NaN,NaN,NaN,NaN,NaN,NaN,NaN,NaN,NaN,NaN,NaN,NaN,NaN,NaN,NaN,,__eof__
2003Q3,0.993196967416127,0.002325,-0.000158626847312856,1.84433333333333,1.00746540422432,NaN,NaN,NaN,NaN,NaN,NaN,NaN,NaN,NaN,NaN,NaN,0.720962256287516,1.01188748482463,NaN,NaN,0.0184833333333333,NaN,NaN,0.00359605875332344,NaN,2.85539666666667,NaN,NaN,7.30454778498425,6.58110447618637,0.993475654857646,1.10992733991926,NaN,NaN,NaN,NaN,NaN,NaN,NaN,NaN,NaN,NaN,NaN,NaN,NaN,NaN,NaN,NaN,NaN,NaN,NaN,NaN,NaN,NaN,NaN,NaN,NaN,NaN,NaN,NaN,NaN,NaN,NaN,NaN,NaN,NaN,NaN,NaN,NaN,NaN,,__eof__
2003Q4,0.997726561128524,0.00229166666666667,-0.000288358897975575,1.85133333333333,1.00379540936201,NaN,NaN,NaN,NaN,NaN,NaN,NaN,NaN,NaN,NaN,NaN,0.731070061875183,1.01401988176152,NaN,NaN,0.0185916666666667,NaN,NaN,0.00359083099230528,NaN,2.84265,NaN,NaN,7.19861607586729,6.52560434766747,0.9915667455638,1.10313400757133,NaN,NaN,NaN,NaN,NaN,NaN,NaN,NaN,NaN,NaN,NaN,NaN,NaN,NaN,NaN,NaN,NaN,NaN,NaN,NaN,NaN,NaN,NaN,NaN,NaN,NaN,NaN,NaN,NaN,NaN,NaN,NaN,NaN,NaN,NaN,NaN,NaN,NaN,,__eof__
2004Q1,0.996511469585221,0.00229166666666667,-0.000383697608897368,1.867,1.00846236946345,NaN,NaN,NaN,NaN,NaN,NaN,NaN,NaN,NaN,NaN,NaN,0.743497441939627,1.01699889068439,NaN,NaN,0.0182416666666667,NaN,NaN,0.00361587976119196,NaN,2.71262666666667,NaN,NaN,6.81168986063292,6.45853887526645,0.989722718567056,1.05467970266756,NaN,NaN,NaN,NaN,NaN,NaN,NaN,NaN,NaN,NaN,NaN,NaN,NaN,NaN,NaN,NaN,NaN,NaN,NaN,NaN,NaN,NaN,NaN,NaN,NaN,NaN,NaN,NaN,NaN,NaN,NaN,NaN,NaN,NaN,NaN,NaN,NaN,NaN,,__eof__
2004Q2,0.99737212599447,0.00269166666666667,-0.00044577667336797,1.88166666666667,1.00785574004642,NaN,NaN,NaN,NaN,NaN,NaN,NaN,NaN,NaN,NaN,NaN,0.753254630169052,1.01312336489547,NaN,NaN,0.017325,NaN,NaN,0.00366814567010926,NaN,2.69186333333333,NaN,NaN,6.7244054038125,6.38106117419361,0.988003834525245,1.05380676038767,NaN,NaN,NaN,NaN,NaN,NaN,NaN,NaN,NaN,NaN,NaN,NaN,NaN,NaN,NaN,NaN,NaN,NaN,NaN,NaN,NaN,NaN,NaN,NaN,NaN,NaN,NaN,NaN,NaN,NaN,NaN,NaN,NaN,NaN,NaN,NaN,NaN,NaN,,__eof__
2004Q3,0.999927659178002,0.00371666666666667,-0.000477641526212908,1.89366666666667,1.00637732506643,NaN,NaN,NaN,NaN,NaN,NaN,NaN,NaN,NaN,NaN,NaN,0.764041237135577,1.01432000087952,NaN,NaN,0.0172166666666667,NaN,NaN,0.00374377137035656,NaN,2.60156333333333,NaN,NaN,6.4479422393812,6.29454849811764,0.986442274456504,1.02436930008712,NaN,NaN,NaN,NaN,NaN,NaN,NaN,NaN,NaN,NaN,NaN,NaN,NaN,NaN,NaN,NaN,NaN,NaN,NaN,NaN,NaN,NaN,NaN,NaN,NaN,NaN,NaN,NaN,NaN,NaN,NaN,NaN,NaN,NaN,NaN,NaN,NaN,NaN,,__eof__
2004Q4,1.003425529639,0.00501666666666667,-0.000483896950688704,1.914,1.01073754620665,NaN,NaN,NaN,NaN,NaN,NaN,NaN,NaN,NaN,NaN,NaN,0.772810025012006,1.01147685157584,NaN,NaN,0.0173083333333333,NaN,NaN,0.00383905920126243,NaN,2.50742,NaN,NaN,6.21006680124969,6.20056816647449,0.985069567472352,1.00153189748426,NaN,NaN,NaN,NaN,NaN,NaN,NaN,NaN,NaN,NaN,NaN,NaN,NaN,NaN,NaN,NaN,NaN,NaN,NaN,NaN,NaN,NaN,NaN,NaN,NaN,NaN,NaN,NaN,NaN,NaN,NaN,NaN,NaN,NaN,NaN,NaN,NaN,NaN,,__eof__
2005Q1,1.00800447930111,0.00634166666666667,-0.000469869782223223,1.92366666666667,1.00505050505051,NaN,1.262494541,0.813242762,0.64415546807501,NaN,NaN,NaN,NaN,0.986374054369614,1.27993486386547,NaN,0.782454540587176,1.01247980132636,NaN,NaN,0.0160083333333333,NaN,NaN,0.00395001550207926,NaN,2.35238666666667,NaN,NaN,5.78334916988525,6.10073739056022,0.983899737373417,0.947975433073703,NaN,NaN,NaN,NaN,NaN,NaN,NaN,NaN,NaN,NaN,NaN,NaN,NaN,NaN,NaN,NaN,NaN,NaN,NaN,NaN,NaN,NaN,NaN,NaN,NaN,NaN,NaN,NaN,NaN,NaN,NaN,NaN,NaN,NaN,NaN,NaN,NaN,NaN,,__eof__
2005Q2,1.00658205391224,0.00715833333333333,-0.000442612258564996,1.93666666666667,1.00675792756888,NaN,1.285301287,0.842130743,0.65520104236852,1.01806482741853,NaN,1.03552196508821,1.01714737332979,0.991911099673334,1.29578274446499,1.01238178679786,0.791192456688013,1.01116731470978,NaN,NaN,0.0159333333333333,NaN,NaN,0.00407328869702677,NaN,2.34034,NaN,NaN,5.7286421632985,5.99661614153573,0.982933005904238,0.955312467579657,NaN,NaN,NaN,NaN,NaN,NaN,NaN,NaN,NaN,NaN,NaN,NaN,NaN,NaN,NaN,NaN,NaN,NaN,NaN,NaN,NaN,NaN,NaN,NaN,NaN,NaN,NaN,NaN,NaN,NaN,NaN,NaN,NaN,NaN,NaN,NaN,NaN,NaN,,__eof__
2005Q3,1.00842473566362,0.0084,-0.000408591769746203,1.966,1.01514629948365,NaN,1.289487183,0.850241505,0.659364060542198,1.00325674302386,NaN,1.00963123845961,1.00635380273302,0.982978996017364,1.31181560157896,1.01237310589484,0.801289028378756,1.01276120823119,NaN,NaN,0.015625,NaN,NaN,0.00420537221829319,NaN,2.30803,NaN,NaN,5.66285924216494,5.8894924776525,0.98213598113422,0.961519055105764,NaN,NaN,NaN,NaN,NaN,NaN,NaN,NaN,NaN,NaN,NaN,NaN,NaN,NaN,NaN,NaN,NaN,NaN,NaN,NaN,NaN,NaN,NaN,NaN,NaN,NaN,NaN,NaN,NaN,NaN,NaN,NaN,NaN,NaN,NaN,NaN,NaN,NaN,,__eof__
2005Q4,1.00839842097683,0.00956666666666667,-0.000373995595707866,1.98433333333333,1.00932519498135,NaN,1.31124699,0.87396499,0.666514391769929,1.01687477571462,NaN,1.02790205472268,1.01084428414532,0.987371905238475,1.32801731854351,1.01235060548529,0.811940703020899,1.01329317420419,NaN,NaN,0.0142826666666667,NaN,NaN,0.00434297286276589,NaN,2.28377,NaN,NaN,5.58139396116715,5.78042029834997,0.981480207383505,0.965568881342482,NaN,NaN,NaN,NaN,NaN,NaN,NaN,NaN,NaN,NaN,NaN,NaN,NaN,NaN,NaN,NaN,NaN,NaN,NaN,NaN,NaN,NaN,NaN,NaN,NaN,NaN,NaN,NaN,NaN,NaN,NaN,NaN,NaN,NaN,NaN,NaN,NaN,NaN,,__eof__
2006Q1,1.01654539693197,0.0109833333333333,-0.000347090033331322,1.99466666666667,1.00520745842433,NaN,1.338540774,0.900497695,0.672745808339493,1.02081513567478,NaN,1.03035900213806,1.00934926034082,0.995673985485038,1.34435647964422,1.01230342471635,0.815970024592531,1.00496258108091,NaN,NaN,0.0148121666666667,NaN,NaN,0.00448233820553063,NaN,2.26408666666667,NaN,NaN,5.5346373865874,5.67025325666083,0.980941344054068,0.976082925411819,NaN,NaN,NaN,NaN,NaN,NaN,NaN,NaN,NaN,NaN,NaN,NaN,NaN,NaN,NaN,NaN,NaN,NaN,NaN,NaN,NaN,NaN,NaN,NaN,NaN,NaN,NaN,NaN,NaN,NaN,NaN,NaN,NaN,NaN,NaN,NaN,NaN,NaN,,__eof__
2006Q2,1.0139761618104,0.0117583333333333,-0.000335936967393022,2.01266666666667,1.00902406417112,NaN,1.359333706,0.935215335,0.687995398681006,1.01553402959692,NaN,1.03855383549871,1.02266768540581,0.998930362289179,1.36078925750631,1.01222352710081,0.823458898349902,1.00917787851473,NaN,NaN,0.0154166666666667,NaN,NaN,0.00461859366789378,NaN,2.43150666666667,NaN,NaN,5.94299536696284,5.55967043082782,0.980497727204141,1.06894742069773,NaN,NaN,NaN,NaN,NaN,NaN,NaN,NaN,NaN,NaN,NaN,NaN,NaN,NaN,NaN,NaN,NaN,NaN,NaN,NaN,NaN,NaN,NaN,NaN,NaN,NaN,NaN,NaN,NaN,NaN,NaN,NaN,NaN,NaN,NaN,NaN,NaN,NaN,,__eof__
2006Q3,1.01084085750543,0.0122666666666667,-0.000346567268292588,2.03166666666667,1.00944021199073,NaN,1.388139812,0.976999881,0.703819509068298,1.02119134240022,NaN,1.04467906420718,1.02300031427191,1.00789526243868,1.37726593598752,1.01210817794917,0.837326368945554,1.01684051338013,NaN,NaN,0.0166,NaN,NaN,0.0047486375409561,NaN,2.43342333333333,NaN,NaN,5.90439433843232,5.4492242334149,0.980134398470724,1.08352934023641,NaN,NaN,NaN,NaN,NaN,NaN,NaN,NaN,NaN,NaN,NaN,NaN,NaN,NaN,NaN,NaN,NaN,NaN,NaN,NaN,NaN,NaN,NaN,NaN,NaN,NaN,NaN,NaN,NaN,NaN,NaN,NaN,NaN,NaN,NaN,NaN,NaN,NaN,,__eof__
2006Q4,1.01508779206645,0.0122583333333333,-0.000383996555569768,2.02333333333333,0.995898277276453,NaN,1.408335708,1.003327088,0.712420399696349,1.01454889185182,NaN,1.02694699099968,1.01222030721972,1.01047703817294,1.39373350882513,1.01195671250361,0.846988100431851,1.01153878803371,NaN,NaN,0.018075,NaN,NaN,0.00486988926794492,NaN,2.30536175438596,NaN,NaN,5.50717923978228,5.33965178553706,0.979892101483741,1.0313742283156,NaN,NaN,NaN,NaN,NaN,NaN,NaN,NaN,NaN,NaN,NaN,NaN,NaN,NaN,NaN,NaN,NaN,NaN,NaN,NaN,NaN,NaN,NaN,NaN,NaN,NaN,NaN,NaN,NaN,NaN,NaN,NaN,NaN,NaN,NaN,NaN,NaN,NaN,,__eof__
2007Q1,1.01418986193071,0.0124583333333333,-0.00045219158571626,2.04317,1.0098039538715,NaN,1.43081211,1.036174623,0.724186366440524,1.01595954847436,NaN,1.032738610761,1.01651548264085,1.01465710097615,1.41014349441155,1.01177412000394,0.858818684506707,1.01396782796455,NaN,NaN,0.019402925,NaN,NaN,0.00497810656954328,NaN,2.22202666666667,NaN,NaN,5.2863058366517,5.2318969356483,0.979819873239559,1.01039945963627,NaN,NaN,NaN,NaN,NaN,NaN,NaN,NaN,NaN,NaN,NaN,NaN,NaN,NaN,NaN,NaN,NaN,NaN,NaN,NaN,NaN,NaN,NaN,NaN,NaN,NaN,NaN,NaN,NaN,NaN,NaN,NaN,NaN,NaN,NaN,NaN,NaN,NaN,,__eof__
2007Q2,1.01716763227846,0.0118416666666667,-0.000549515304089276,2.06631,1.01132553825673,NaN,1.451919284,1.04621856,0.720576254843654,1.01475188380954,NaN,1.00969328603216,0.995014941230371,1.01785170710107,1.42645463368647,1.01156700671922,0.874566786776168,1.01833693485431,NaN,NaN,0.0211515733333334,NaN,NaN,0.00506957775412146,NaN,2.02542333333333,NaN,NaN,4.78540067057351,5.12692727451626,0.979936596147983,0.933385713185297,NaN,NaN,NaN,NaN,NaN,NaN,NaN,NaN,NaN,NaN,NaN,NaN,NaN,NaN,NaN,NaN,NaN,NaN,NaN,NaN,NaN,NaN,NaN,NaN,NaN,NaN,NaN,NaN,NaN,NaN,NaN,NaN,NaN,NaN,NaN,NaN,NaN,NaN,,__eof__
2007Q3,1.02016281681425,0.0107583333333333,-0.000673303722616338,2.07939,1.00633012471507,NaN,1.482416354,1.083372521,0.730815278768842,1.02100465937471,NaN,1.03551261889294,1.01420949393817,1.02757393559241,1.44263716960218,1.01134458505272,0.88180060050914,1.00827131082766,NaN,NaN,0.0229347441666667,NaN,NaN,0.00514071850329871,NaN,2.04206666666667,NaN,NaN,4.81543446845951,5.02566367333133,0.98024867610503,0.958168867131439,NaN,NaN,NaN,NaN,NaN,NaN,NaN,NaN,NaN,NaN,NaN,NaN,NaN,NaN,NaN,NaN,NaN,NaN,NaN,NaN,NaN,NaN,NaN,NaN,NaN,NaN,NaN,NaN,NaN,NaN,NaN,NaN,NaN,NaN,NaN,NaN,NaN,NaN,,__eof__
2007Q4,1.023589454731,0.008475,-0.000820539565310546,2.10489666666667,1.01226641787576,NaN,1.499422252,1.119294296,0.746483716983013,1.01147174203395,NaN,1.03315736212955,1.0214396697351,1.02793338708324,1.45867647732954,1.01111804691112,0.892866783354184,1.01254952972209,NaN,NaN,0.0231537991666667,NaN,NaN,0.00518717595810888,NaN,2.02172716666667,NaN,NaN,4.76613852521159,4.92873894644952,0.980714044316943,0.967009731494288,NaN,NaN,NaN,NaN,NaN,NaN,NaN,NaN,NaN,NaN,NaN,NaN,NaN,NaN,NaN,NaN,NaN,NaN,NaN,NaN,NaN,NaN,NaN,NaN,NaN,NaN,NaN,NaN,NaN,NaN,NaN,NaN,NaN,NaN,NaN,NaN,NaN,NaN,,__eof__
2008Q1,1.01695038031481,0.00510833333333333,-0.000986514337000888,2.12769666666667,1.01083188565076,NaN,1.502433235,1.153373222,0.767670200000601,1.00200809544875,NaN,1.03044679680919,1.02838170818141,1.01888703948579,1.47458273270238,1.01090458070727,0.910996281425035,1.02030481860098,NaN,NaN,0.0237916666666667,NaN,NaN,0.00520773140091374,NaN,1.91025333333333,NaN,NaN,4.46153264584613,4.83660460422572,0.981306710859545,0.922451391198717,NaN,NaN,NaN,NaN,NaN,NaN,NaN,NaN,NaN,NaN,NaN,NaN,NaN,NaN,NaN,NaN,NaN,NaN,NaN,NaN,NaN,NaN,NaN,NaN,NaN,NaN,NaN,NaN,NaN,NaN,NaN,NaN,NaN,NaN,NaN,NaN,NaN,NaN,,__eof__
2008Q2,1.02054408352309,0.00406666666666667,-0.00116749452076877,2.15537666666667,1.01300937320326,NaN,1.51601306,1.170557749,0.772129066618991,1.00903855471488,NaN,1.01489936359906,1.00580831015505,1.01719041566908,1.49039259183622,1.0107215816266,0.931062787917755,1.02202699056173,NaN,NaN,0.0241650708333333,NaN,NaN,0.005202928002164,NaN,1.76214,NaN,NaN,4.07929034291456,4.74957627214461,0.982006316578976,0.858874583578928,NaN,NaN,NaN,NaN,NaN,NaN,NaN,NaN,NaN,NaN,NaN,NaN,NaN,NaN,NaN,NaN,NaN,NaN,NaN,NaN,NaN,NaN,NaN,NaN,NaN,NaN,NaN,NaN,NaN,NaN,NaN,NaN,NaN,NaN,NaN,NaN,NaN,NaN,,__eof__
2008Q3,1.01314001567958,0.00373333333333333,-0.00136130516818328,2.18861,1.01541880537508,NaN,1.533312878,1.222727941,0.79744190409128,1.01141139113933,NaN,1.04456866143047,1.03278316872998,1.01802638772741,1.50616221395095,1.0105808511134,0.949424077118819,1.01972078514933,NaN,NaN,0.0248724691666667,NaN,NaN,0.005172712174249,NaN,1.89780666666667,NaN,NaN,4.37481916546501,4.66771023688321,0.982763507611924,0.937251659474525,NaN,NaN,NaN,NaN,NaN,NaN,NaN,NaN,NaN,NaN,NaN,NaN,NaN,NaN,NaN,NaN,NaN,NaN,NaN,NaN,NaN,NaN,NaN,NaN,NaN,NaN,NaN,NaN,NaN,NaN,NaN,NaN,NaN,NaN,NaN,NaN,NaN,NaN,,__eof__
2008Q4,0.989145069683707,0.000741666666666667,-0.00156832478650343,2.13848666666667,0.977098097270263,NaN,1.505370827,1.218881088,0.809688261615289,0.98177668015386,NaN,0.996853876589379,1.01535705292283,0.989095850029985,1.52196657882486,1.01049313595011,0.962141872157103,1.01339527335022,NaN,NaN,0.0244160316666667,NaN,NaN,0.00511599335349454,NaN,2.29035,NaN,NaN,5.09060366120336,4.59062253316955,0.983484899490006,1.10891357858791,NaN,NaN,NaN,NaN,NaN,NaN,NaN,NaN,NaN,NaN,NaN,NaN,NaN,NaN,NaN,NaN,NaN,NaN,NaN,NaN,NaN,NaN,NaN,NaN,NaN,NaN,NaN,NaN,NaN,NaN,NaN,NaN,NaN,NaN,NaN,NaN,NaN,NaN,,__eof__
2009Q1,0.975779021578899,0.000533333333333333,-0.00179231412524453,2.12377666666667,0.993121303850386,NaN,1.512941194,1.214229312,0.802562133158495,1.00502890508054,NaN,0.996183568646854,0.991198923345414,0.98377013574441,1.53790112042298,1.01046970532719,0.970744841186296,1.00894147659316,NaN,NaN,0.0214343875,NaN,NaN,0.00503164075668654,NaN,2.41464333333333,NaN,NaN,5.28270968032001,4.51777188908301,0.98413055232484,1.16931748880138,NaN,NaN,NaN,NaN,NaN,NaN,NaN,NaN,NaN,NaN,NaN,NaN,NaN,NaN,NaN,NaN,NaN,NaN,NaN,NaN,NaN,NaN,NaN,NaN,NaN,NaN,NaN,NaN,NaN,NaN,NaN,NaN,NaN,NaN,NaN,NaN,NaN,NaN,,__eof__
2009Q2,0.972238204247744,0.000433333333333333,-0.00202844524440289,2.13507,1.00531757105659,NaN,1.524298656,1.240534654,0.813839629863191,1.00750687604055,NaN,1.02166422910403,1.0140518674365,0.980852662508669,1.55405466515368,1.01050363025046,0.975839676760402,1.00524837769715,NaN,NaN,0.0149426716666667,NaN,NaN,0.00492044329735938,NaN,2.23311666666667,NaN,NaN,4.88590545665081,4.44893885806678,0.984763942778394,1.09821816224598,NaN,NaN,NaN,NaN,NaN,NaN,NaN,NaN,NaN,NaN,NaN,NaN,NaN,NaN,NaN,NaN,NaN,NaN,NaN,NaN,NaN,NaN,NaN,NaN,NaN,NaN,NaN,NaN,NaN,NaN,NaN,NaN,NaN,NaN,NaN,NaN,NaN,NaN,,__eof__
2009Q3,0.973741621247697,0.000391666666666667,-0.00226880497669247,2.15344,1.0086039333605,NaN,1.538703682,1.270796099,0.82588747519485,1.00945026484364,NaN,1.02439387315979,1.0148037093422,0.979751718212182,1.57050368312471,1.01058458131485,0.980047703361679,1.00431221101323,NaN,NaN,0.0108515383333333,NaN,NaN,0.00478564007405955,NaN,2.01747333333333,NaN,NaN,4.4329554163855,4.38434642849116,0.985481385194023,1.01108694047953,NaN,NaN,NaN,NaN,NaN,NaN,NaN,NaN,NaN,NaN,NaN,NaN,NaN,NaN,NaN,NaN,NaN,NaN,NaN,NaN,NaN,NaN,NaN,NaN,NaN,NaN,NaN,NaN,NaN,NaN,NaN,NaN,NaN,NaN,NaN,NaN,NaN,NaN,,__eof__
2009Q4,0.981938882412596,0.000141666666666667,-0.00250642347401947,2.1703,1.00782933353147,NaN,1.550216468,1.290179935,0.832257921156338,1.00748213326235,NaN,1.01525330146611,1.00771345510475,0.976632039344971,1.58730863369968,1.01070035731564,0.984480061137771,1.00452259391139,NaN,NaN,0.0092499975,NaN,NaN,0.00463204459766543,NaN,1.96516,NaN,NaN,4.33222257754101,4.32445983728345,0.986340816770649,1.00179507743155,NaN,NaN,NaN,NaN,NaN,NaN,NaN,NaN,NaN,NaN,NaN,NaN,NaN,NaN,NaN,NaN,NaN,NaN,NaN,NaN,NaN,NaN,NaN,NaN,NaN,NaN,NaN,NaN,NaN,NaN,NaN,NaN,NaN,NaN,NaN,NaN,NaN,NaN,,__eof__
2010Q1,0.984442375690556,0.000266666666666667,-0.00273628869051363,2.17374,1.00158503432705,NaN,1.567542658,1.316703583,0.839979426575835,1.01117662620521,NaN,1.02055809990565,1.00927777942776,0.976959161748124,1.60451195850921,1.01083804651741,0.989930296412867,1.00553615607897,NaN,NaN,0.00836709083333332,NaN,NaN,0.00446504558217685,NaN,1.94672666666667,NaN,NaN,4.27472281607504,4.2697528776172,0.987349412013357,1.00116398737826,NaN,NaN,NaN,NaN,NaN,NaN,NaN,NaN,NaN,NaN,NaN,NaN,NaN,NaN,NaN,NaN,NaN,NaN,NaN,NaN,NaN,NaN,NaN,NaN,NaN,NaN,NaN,NaN,NaN,NaN,NaN,NaN,NaN,NaN,NaN,NaN,NaN,NaN,,__eof__
2010Q2,0.991326644548462,0.000366666666666667,-0.00295509575419275,2.17297333333333,0.99964730525883,NaN,1.591566598,1.34555164,0.845425910352009,1.01532586043346,NaN,1.02190930242194,1.00648406806626,0.981156141151667,1.62213385948117,1.01098271712997,0.996925824833348,1.0070666878727,NaN,NaN,0.00794934583333332,NaN,NaN,0.00429005643330121,NaN,1.95020666666667,NaN,NaN,4.25081483054566,4.22068801540483,0.988508734903705,1.00713789198132,NaN,NaN,NaN,NaN,NaN,NaN,NaN,NaN,NaN,NaN,NaN,NaN,NaN,NaN,NaN,NaN,NaN,NaN,NaN,NaN,NaN,NaN,NaN,NaN,NaN,NaN,NaN,NaN,NaN,NaN,NaN,NaN,NaN,NaN,NaN,NaN,NaN,NaN,,__eof__
2010Q3,0.996107933688022,0.000391666666666667,-0.00315906645728091,2.17934333333333,1.00293146717554,NaN,1.603802556,1.366463083,0.85201453127002,1.00768799622672,NaN,1.01554116718999,1.00779325643718,0.977826189655097,1.64017140568274,1.01111964101862,1.00253079363673,1.00562225259268,NaN,NaN,0.00758612083333333,NaN,NaN,0.0041119406577336,NaN,1.83306,NaN,NaN,3.98478242858597,4.17772155270315,0.989820033476803,0.953817141309398,NaN,NaN,NaN,NaN,NaN,NaN,NaN,NaN,NaN,NaN,NaN,NaN,NaN,NaN,NaN,NaN,NaN,NaN,NaN,NaN,NaN,NaN,NaN,NaN,NaN,NaN,NaN,NaN,NaN,NaN,NaN,NaN,NaN,NaN,NaN,NaN,NaN,NaN,,__eof__
2010Q4,0.998163049924588,0.000341666666666667,-0.00334319768834666,2.19699,1.00809724030021,NaN,1.638598187,1.411881694,0.861639970800236,1.02169570741101,NaN,1.03323808126619,1.01129727155694,0.987939549766098,1.65860166989767,1.01123679156402,1.01047619774298,1.00792534668928,NaN,NaN,0.00756793416666668,NaN,NaN,0.00393442389811181,NaN,1.86599666666667,NaN,NaN,4.05707331440058,4.1413265598705,0.991288315323673,0.979655493414516,NaN,NaN,NaN,NaN,NaN,NaN,NaN,NaN,NaN,NaN,NaN,NaN,NaN,NaN,NaN,NaN,NaN,NaN,NaN,NaN,NaN,NaN,NaN,NaN,NaN,NaN,NaN,NaN,NaN,NaN,NaN,NaN,NaN,NaN,NaN,NaN,NaN,NaN,,__eof__
2011Q1,0.992424872636201,0.000316666666666667,-0.00350227743944914,2.22043666666667,1.01067217723643,NaN,1.672136231,1.481425213,0.885947679103904,1.02046752173051,NaN,1.04925591095595,1.02821098037164,0.996875603547072,1.67737702181719,1.01131998855438,1.02204440290731,1.01144827081545,NaN,NaN,0.00785221916666668,NaN,NaN,0.00376051211305689,NaN,1.87787666666667,NaN,NaN,4.0797701100689,4.11186073722448,0.992884931381275,0.99219559483981,NaN,NaN,NaN,NaN,NaN,NaN,NaN,NaN,NaN,NaN,NaN,NaN,NaN,NaN,NaN,NaN,NaN,NaN,NaN,NaN,NaN,NaN,NaN,NaN,NaN,NaN,NaN,NaN,NaN,NaN,NaN,NaN,NaN,NaN,NaN,NaN,NaN,NaN,,__eof__
2011Q2,0.995579092261159,0.000116666666666667,-0.00363254372985218,2.24568333333333,1.0113701359042,NaN,1.694579068,1.527101371,0.901168555564856,1.01342165583397,NaN,1.03083257770907,1.01718033335371,0.998906198282028,1.69643463111394,1.01136155381222,1.02765886475923,1.00549336392426,NaN,NaN,0.00959200666666668,NaN,NaN,0.0035917815858314,NaN,1.79898666666667,NaN,NaN,3.93122125713258,4.08964730325702,0.99459771733844,0.961261684840581,NaN,NaN,NaN,NaN,NaN,NaN,NaN,NaN,NaN,NaN,NaN,NaN,NaN,NaN,NaN,NaN,NaN,NaN,NaN,NaN,NaN,NaN,NaN,NaN,NaN,NaN,NaN,NaN,NaN,NaN,NaN,NaN,NaN,NaN,NaN,NaN,NaN,NaN,,__eof__
2011Q3,0.991408606883337,5.83333333333333e-05,-0.00373248254024506,2.26032666666667,1.00652065815157,NaN,1.731080521,1.565986694,0.904629608503347,1.02154012975215,NaN,1.02546348509565,1.00384062772399,1.00896146541902,1.71570528739775,1.01135950418034,1.03743058427974,1.00950871914368,NaN,NaN,0.0112000958333333,NaN,NaN,0.0034273699793102,NaN,1.79431333333333,NaN,NaN,3.90940303587124,4.07501612319906,0.996422385850655,0.959358912377062,NaN,NaN,NaN,NaN,NaN,NaN,NaN,NaN,NaN,NaN,NaN,NaN,NaN,NaN,NaN,NaN,NaN,NaN,NaN,NaN,NaN,NaN,NaN,NaN,NaN,NaN,NaN,NaN,NaN,NaN,NaN,NaN,NaN,NaN,NaN,NaN,NaN,NaN,,__eof__
2011Q4,0.998499401397241,3.33333333333333e-05,-0.00380307798815895,2.27047333333333,1.00448902665986,NaN,1.74848418,1.615716722,0.924067109374704,1.01005363920908,NaN,1.0317563541188,1.02148669542612,1.00770488527408,1.73511531555633,1.01131314818527,1.04936783272188,1.01150655149658,NaN,NaN,0.0116817733333333,NaN,NaN,0.00326657644597802,NaN,1.92089,NaN,NaN,4.15614943137157,4.06823077091124,0.998334889462353,1.0216110307923,NaN,NaN,NaN,NaN,NaN,NaN,NaN,NaN,NaN,NaN,NaN,NaN,NaN,NaN,NaN,NaN,NaN,NaN,NaN,NaN,NaN,NaN,NaN,NaN,NaN,NaN,NaN,NaN,NaN,NaN,NaN,NaN,NaN,NaN,NaN,NaN,NaN,NaN,,__eof__
2012Q1,1.0024156791874,0.000166666666666667,-0.0038462101833445,2.28326,1.00563171849629,NaN,1.75899687,1.646209307,0.935879611315056,1.00601245931776,NaN,1.01887248215285,1.01278316457811,1.00250738616221,1.75459741671708,1.0112281304799,1.05788804154043,1.00811937297187,NaN,NaN,0.0125523308333333,NaN,NaN,0.00310811616344327,NaN,1.80067333333333,NaN,NaN,3.88642770654623,4.06949103221676,1.0003097811743,0.955015670455771,NaN,NaN,NaN,NaN,NaN,NaN,NaN,NaN,NaN,NaN,NaN,NaN,NaN,NaN,NaN,NaN,NaN,NaN,NaN,NaN,NaN,NaN,NaN,NaN,NaN,NaN,NaN,NaN,NaN,NaN,NaN,NaN,NaN,NaN,NaN,NaN,NaN,NaN,,__eof__
2012Q2,1.00254337592104,0.000216666666666667,-0.00386397013655206,2.28808,1.00211101670419,NaN,1.780861574,1.6615624,0.933010417125211,1.01243021199918,NaN,1.00932633106539,0.996934227271162,1.0038170495197,1.7740897854366,1.01110931119231,1.06239903553876,1.00426415066736,NaN,NaN,0.0131829641666667,NaN,NaN,0.00294967319335679,NaN,1.78699,NaN,NaN,3.84862555633488,4.0790983312718,1.00236081096604,0.943499088224955,NaN,NaN,NaN,NaN,NaN,NaN,NaN,NaN,NaN,NaN,NaN,NaN,NaN,NaN,NaN,NaN,NaN,NaN,NaN,NaN,NaN,NaN,NaN,NaN,NaN,NaN,NaN,NaN,NaN,NaN,NaN,NaN,NaN,NaN,NaN,NaN,NaN,NaN,,__eof__
2012Q3,0.999690259578134,0.000258333333333333,-0.0038589782706564,2.29841,1.00451470228314,NaN,1.777416528,1.658794073,0.93326130755998,0.998065517247215,NaN,0.998333901272682,1.00026890421603,0.991015354507746,1.79353076611298,1.01095828454454,1.06937693862698,1.00656806233327,NaN,NaN,0.01268269,NaN,NaN,0.00278936131028455,NaN,1.79798333333333,NaN,NaN,3.86440246081289,4.0972892129038,1.00445953496451,0.943160772894073,NaN,NaN,NaN,NaN,NaN,NaN,NaN,NaN,NaN,NaN,NaN,NaN,NaN,NaN,NaN,NaN,NaN,NaN,NaN,NaN,NaN,NaN,NaN,NaN,NaN,NaN,NaN,NaN,NaN,NaN,NaN,NaN,NaN,NaN,NaN,NaN,NaN,NaN,,__eof__
2012Q4,0.996033687278241,0.000216666666666667,-0.00383319713830577,2.31369333333333,1.00664952438135,NaN,1.796875028,1.698504219,0.94525450714873,1.01094763084143,NaN,1.02393916559406,1.01285084840826,0.991182186752924,1.81286049327268,1.01077747174731,1.07803812192073,1.00809928003953,NaN,NaN,0.0116371991666667,NaN,NaN,0.00262727137900032,NaN,1.8064,NaN,NaN,3.87690894445071,4.12420695080613,1.00656964556409,0.940037440093281,NaN,NaN,NaN,NaN,NaN,NaN,NaN,NaN,NaN,NaN,NaN,NaN,NaN,NaN,NaN,NaN,NaN,NaN,NaN,NaN,NaN,NaN,NaN,NaN,NaN,NaN,NaN,NaN,NaN,NaN,NaN,NaN,NaN,NaN,NaN,NaN,NaN,NaN,,__eof__
2013Q1,0.999750770834354,0.000216666666666667,-0.00378871537908386,2.32299333333333,1.00401954739032,NaN,1.823290153,1.713641936,0.939862442179273,1.01470059107527,NaN,1.00891238115906,0.994295647438147,0.995242210255297,1.83200645452155,1.01056118842013,1.07815094597103,1.000104656828,NaN,NaN,0.00988161583333332,NaN,NaN,0.00246458938666495,NaN,1.79046,NaN,NaN,3.85774056883474,4.15989909465104,1.00865430475983,0.927363977120305,NaN,NaN,NaN,NaN,NaN,NaN,NaN,NaN,NaN,NaN,NaN,NaN,NaN,NaN,NaN,NaN,NaN,NaN,NaN,NaN,NaN,NaN,NaN,NaN,NaN,NaN,NaN,NaN,NaN,NaN,NaN,NaN,NaN,NaN,NaN,NaN,NaN,NaN,,__eof__
2013Q2,0.996096513358736,0.000125,-0.00372847402180422,2.32045,0.998905148242642,NaN,1.867841686,1.78544676,0.955887628690604,1.02443469182713,NaN,1.04190188305476,1.01705056590428,1.00916237437104,1.8508832011936,1.01030386471917,1.08427947379066,1.00568429480355,NaN,NaN,0.00792048,NaN,NaN,0.00230279539489508,NaN,1.86319333333333,NaN,NaN,3.98739169636632,4.20430300434019,1.01067427566843,0.948407308476591,NaN,NaN,NaN,NaN,NaN,NaN,NaN,NaN,NaN,NaN,NaN,NaN,NaN,NaN,NaN,NaN,NaN,NaN,NaN,NaN,NaN,NaN,NaN,NaN,NaN,NaN,NaN,NaN,NaN,NaN,NaN,NaN,NaN,NaN,NaN,NaN,NaN,NaN,,__eof__
2013Q3,0.998795250428057,8.33333333333333e-05,-0.00365541374217427,2.333,1.00540843370898,NaN,1.881297604,1.815308649,0.964923702204428,1.00720399276922,NaN,1.01672516351034,1.0094530708868,1.00636617354481,1.86939670018253,1.0100025214865,1.09356993027999,1.00856832275617,NaN,NaN,0.00811791916666667,NaN,NaN,0.00214580658080743,NaN,1.90788333333333,NaN,NaN,4.07023976557863,4.25719913918527,1.01258142783488,0.956083949213045,NaN,NaN,NaN,NaN,NaN,NaN,NaN,NaN,NaN,NaN,NaN,NaN,NaN,NaN,NaN,NaN,NaN,NaN,NaN,NaN,NaN,NaN,NaN,NaN,NaN,NaN,NaN,NaN,NaN,NaN,NaN,NaN,NaN,NaN,NaN,NaN,NaN,NaN,,__eof__
2013Q4,1.00059326505741,0.000158333333333333,-0.00357082532830145,2.34162666666667,1.00369767109587,NaN,1.906960557,1.826532655,0.957824034847093,1.01364109163029,NaN,1.00618297390154,0.992642250013016,1.01033132201768,1.88746059380967,1.0096629536285,1.09791934751096,1.00397726483743,NaN,NaN,0.00813907666666668,NaN,NaN,0.00199751370502242,NaN,1.91404333333333,NaN,NaN,4.08224422007842,4.31825386883922,1.01434152541561,0.94534604589511,NaN,NaN,NaN,NaN,NaN,NaN,NaN,NaN,NaN,NaN,NaN,NaN,NaN,NaN,NaN,NaN,NaN,NaN,NaN,NaN,NaN,NaN,NaN,NaN,NaN,NaN,NaN,NaN,NaN,NaN,NaN,NaN,NaN,NaN,NaN,NaN,NaN,NaN,,__eof__
2014Q1,0.991741359252694,0.000116666666666667,-0.00347654658199608,2.35621,1.00622786439056,NaN,1.933097027,1.877451923,0.971214531281776,1.01370582621862,NaN,1.02787755688934,1.01398012155419,1.01475250567764,1.90499359812776,1.00928920284513,1.10315426649285,1.00476803600716,NaN,NaN,0.008040235,NaN,NaN,0.00186094340024282,NaN,2.00770333333333,NaN,NaN,4.28822225025042,4.38702324368008,1.01592527371702,0.977478807851772,NaN,NaN,NaN,NaN,NaN,NaN,NaN,NaN,NaN,NaN,NaN,NaN,NaN,NaN,NaN,NaN,NaN,NaN,NaN,NaN,NaN,NaN,NaN,NaN,NaN,NaN,NaN,NaN,NaN,NaN,NaN,NaN,NaN,NaN,NaN,NaN,NaN,NaN,,__eof__
2014Q2,0.999014593850412,8.33333333333333e-05,-0.00337440046284896,2.36872333333333,1.00531078865353,NaN,1.940429098,1.887804016,0.97287966767029,1.00379291411532,NaN,1.00551390577473,1.00171448875082,1.00962801481475,1.92192477776682,1.00888778820868,1.11451250107909,1.01029614345993,NaN,NaN,0.00878203416666667,NaN,NaN,0.00173983823619465,NaN,1.91427666666667,NaN,NaN,4.06849793286178,4.46290164449727,1.01729610184457,0.911626169910827,NaN,NaN,NaN,NaN,NaN,NaN,NaN,NaN,NaN,NaN,NaN,NaN,NaN,NaN,NaN,NaN,NaN,NaN,NaN,NaN,NaN,NaN,NaN,NaN,NaN,NaN,NaN,NaN,NaN,NaN,NaN,NaN,NaN,NaN,NaN,NaN,NaN,NaN,,__eof__
2014Q3,1.005105432557,6.66666666666667e-05,-0.00326707553944922,2.37478333333333,1.00255834014666,NaN,1.958597528,1.920715501,0.980658595521315,1.00936309913036,NaN,1.0174337403253,1.00799577595208,1.01052417033765,1.93819958541473,1.00846797327147,1.12569386419127,1.01003251475542,NaN,NaN,0.0103882266666667,NaN,NaN,0.00163840602515982,NaN,1.90960333333333,NaN,NaN,4.02853236882104,4.54519149225286,1.01843864245968,0.886328414476607,NaN,NaN,NaN,NaN,NaN,NaN,NaN,NaN,NaN,NaN,NaN,NaN,NaN,NaN,NaN,NaN,NaN,NaN,NaN,NaN,NaN,NaN,NaN,NaN,NaN,NaN,NaN,NaN,NaN,NaN,NaN,NaN,NaN,NaN,NaN,NaN,NaN,NaN,,__eof__
2014Q4,1.00404799215558,5.83333333333333e-05,-0.00315786886025453,2.36888333333333,0.997515562823275,NaN,1.983766347,1.94305856,0.979479545531377,1.012850429269,NaN,1.01163267490077,0.998797695757399,1.01535066657974,1.95377460447474,1.00803581797108,1.13693568310507,1.00998656852578,NaN,NaN,0.011326495,NaN,NaN,0.00155977507378066,NaN,2.17283666666667,NaN,NaN,4.52725395306864,4.63288267594957,1.01929317694231,0.977200216308244,NaN,NaN,NaN,NaN,NaN,NaN,NaN,NaN,NaN,NaN,NaN,NaN,NaN,NaN,NaN,NaN,NaN,NaN,NaN,NaN,NaN,NaN,NaN,NaN,NaN,NaN,NaN,NaN,NaN,NaN,NaN,NaN,NaN,NaN,NaN,NaN,NaN,NaN,,__eof__
2015Q1,1.00662051609478,6.66666666666667e-05,-0.00304981688694221,2.35355,0.993527189322678,NaN,1.991144384,1.956233392,0.982466870669686,1.00371920665514,NaN,1.00678046059507,1.00304991069179,1.01144209800926,1.96861924960313,1.00759793125286,1.14991586262349,1.01141681074075,NaN,NaN,0.0112876991666667,NaN,NaN,0.00150664494624896,NaN,2.46821666666667,NaN,NaN,5.0517359788221,4.72453066855058,1.01978206637452,1.06925668034067,NaN,NaN,NaN,NaN,NaN,NaN,NaN,NaN,NaN,NaN,NaN,NaN,NaN,NaN,NaN,NaN,NaN,NaN,NaN,NaN,NaN,NaN,NaN,NaN,NaN,NaN,NaN,NaN,NaN,NaN,NaN,NaN,NaN,NaN,NaN,NaN,NaN,NaN,,__eof__
2015Q2,1.00687241931435,5e-05,-0.00294405375703689,2.3696,1.00681948545814,NaN,2.008197929,1.973091709,0.982518545859928,1.00856469532648,NaN,1.00861774319411,1.00005259738703,1.01284883334599,1.9827222610958,1.00716391018503,1.16409970349867,1.01233467711526,NaN,NaN,0.0112974908333333,NaN,NaN,0.00148163750757132,NaN,2.49646333333333,NaN,NaN,5.08171207061339,4.81850197335838,1.01989008250774,1.05462488107514,NaN,NaN,NaN,NaN,NaN,NaN,NaN,NaN,NaN,NaN,NaN,NaN,NaN,NaN,NaN,NaN,NaN,NaN,NaN,NaN,NaN,NaN,NaN,NaN,NaN,NaN,NaN,NaN,NaN,NaN,NaN,NaN,NaN,NaN,NaN,NaN,NaN,NaN,,__eof__
2015Q3,1.00457619201868,0.0001,-0.00283850297512953,2.37855,1.00377700877785,NaN,2.027362851,2.052895709,1.01259412343844,1.00954334317511,NaN,1.04044616863777,1.03061069707563,1.01566827041884,1.99608761053839,1.00674090855025,1.18061473762031,1.01418695844695,NaN,NaN,0.0113653858333333,NaN,NaN,0.00148682985638209,NaN,2.94277,NaN,NaN,5.92871269556443,4.91323265503102,1.01965977853623,1.2066826694017,NaN,NaN,NaN,NaN,NaN,NaN,NaN,NaN,NaN,NaN,NaN,NaN,NaN,NaN,NaN,NaN,NaN,NaN,NaN,NaN,NaN,NaN,NaN,NaN,NaN,NaN,NaN,NaN,NaN,NaN,NaN,NaN,NaN,NaN,NaN,NaN,NaN,NaN,,__eof__
2015Q4,1.00054565841406,0.000308333333333333,-0.00273234790580395,2.37837,0.999924323642555,NaN,2.020214836,2.064699191,1.02201961603652,0.996474230058781,NaN,1.00574967444681,1.00930826318256,1.00571410528481,2.00873670298966,1.0063369425192,1.20935346708338,1.02434217407873,NaN,NaN,0.0129789108333333,NaN,NaN,0.00152346369587864,NaN,3.05967666666667,NaN,NaN,6.01730047646879,5.00719950459007,1.01912525950971,1.2017297235616,NaN,NaN,NaN,NaN,NaN,NaN,NaN,NaN,NaN,NaN,NaN,NaN,NaN,NaN,NaN,NaN,NaN,NaN,NaN,NaN,NaN,NaN,NaN,NaN,NaN,NaN,NaN,NaN,NaN,NaN,NaN,NaN,NaN,NaN,NaN,NaN,NaN,NaN,,__eof__
2016Q1,1.00097504561706,0.000716666666666667,-0.00262504680363278,2.37689333333333,0.99937912660071,NaN,2.035309018,2.104650522,1.03406927566613,1.00747157269169,NaN,1.01934971020193,1.01179004731469,1.00722354233348,2.02071231703413,1.00596176394181,1.23807686524211,1.02375103635168,NaN,NaN,0.0151725491666667,NaN,NaN,0.00159135775162843,NaN,3.26226333333333,NaN,NaN,6.26298106867656,5.09936492325098,1.01840658008063,1.22818844364716,NaN,NaN,NaN,NaN,NaN,NaN,NaN,NaN,NaN,NaN,NaN,NaN,NaN,NaN,NaN,NaN,NaN,NaN,NaN,NaN,NaN,NaN,NaN,NaN,NaN,NaN,NaN,NaN,NaN,NaN,NaN,NaN,NaN,NaN,NaN,NaN,NaN,NaN,,__eof__
2016Q2,0.998591089608274,0.000641666666666667,-0.00251501912763555,2.39590333333333,1.00799783470861,NaN,2.047868671,2.142765292,1.04633921224727,1.00617088259764,NaN,1.01810978573477,1.01186568141021,1.00777638377816,2.03206654170891,1.00561892189159,1.25976759124181,1.01751969252366,NaN,NaN,0.017370645,NaN,NaN,0.001686125184663,NaN,2.99292333333333,NaN,NaN,5.69212530993585,5.18922082541571,1.01762099859828,1.09691329419959,NaN,NaN,NaN,NaN,NaN,NaN,NaN,NaN,NaN,NaN,NaN,NaN,NaN,NaN,NaN,NaN,NaN,NaN,NaN,NaN,NaN,NaN,NaN,NaN,NaN,NaN,NaN,NaN,NaN,NaN,NaN,NaN,NaN,NaN,NaN,NaN,NaN,NaN,,__eof__
2016Q3,0.999226374232635,0.000741666666666667,-0.00239936319755561,2.40607333333333,1.00424474554483,NaN,2.059581657,2.170840981,1.0540203509882,1.00571959821734,NaN,1.0131025498242,1.00734096424087,1.00818407280526,2.04286271977025,1.00531290577339,1.27666730631356,1.0134149466848,NaN,NaN,0.0191648583333333,NaN,NaN,0.00180005554803696,NaN,2.94965333333333,NaN,NaN,5.55906945592918,5.27691500367875,1.01689929590846,1.05346958441698,NaN,NaN,NaN,NaN,NaN,NaN,NaN,NaN,NaN,NaN,NaN,NaN,NaN,NaN,NaN,NaN,NaN,NaN,NaN,NaN,NaN,NaN,NaN,NaN,NaN,NaN,NaN,NaN,NaN,NaN,NaN,NaN,NaN,NaN,NaN,NaN,NaN,NaN,,__eof__
2016Q4,0.998878578634406,0.001075,-0.00227677159390456,2.42134666666667,1.00634782536415,NaN,2.072130654,2.219563205,1.07115021956526,1.00609298347426,NaN,1.02244393966506,1.01625193342899,1.00923176677785,2.05317621007476,1.0050485479052,1.28270851627916,1.00473201587894,NaN,NaN,0.0193024908333333,NaN,NaN,0.00192482752600411,NaN,3.01618,NaN,NaN,5.69359078573176,5.36292919401928,1.01630009016264,1.06165690050155,NaN,NaN,NaN,NaN,NaN,NaN,NaN,NaN,NaN,NaN,NaN,NaN,NaN,NaN,NaN,NaN,NaN,NaN,NaN,NaN,NaN,NaN,NaN,NaN,NaN,NaN,NaN,NaN,NaN,NaN,NaN,NaN,NaN,NaN,NaN,NaN,NaN,NaN,,__eof__
2017Q1,0.997921636061303,0.001475,-0.00214629986681177,2.43838666666667,1.00703740618168,NaN,2.066377663,2.251326087,1.08950368914242,0.997223635011193,NaN,1.01431042014413,1.01713435636004,1.00159115000022,2.06309496943893,1.00483093429366,1.30121346741094,1.01442646626021,NaN,NaN,0.0184593675,NaN,NaN,0.00205341105028608,NaN,2.92327333333333,NaN,NaN,5.47801794059597,5.4479650687794,1.01585623671015,1.00551634811111,NaN,NaN,NaN,NaN,NaN,NaN,NaN,NaN,NaN,NaN,NaN,NaN,NaN,NaN,NaN,NaN,NaN,NaN,NaN,NaN,NaN,NaN,NaN,NaN,NaN,NaN,NaN,NaN,NaN,NaN,NaN,NaN,NaN,NaN,NaN,NaN,NaN,NaN,,__eof__
2017Q2,0.997767191139113,0.002225,-0.00200799116438108,2.4412,1.00115376833863,NaN,2.074366533,2.277758497,1.09805015688614,1.00386612289856,NaN,1.01174081806835,1.00784436787951,1.00079391545824,2.07272096778307,1.00466580476746,1.31438982329134,1.01012620619937,NaN,NaN,0.016447245,NaN,NaN,0.0021829683940827,NaN,2.91863666666667,NaN,NaN,5.42074786673648,5.53298333867018,1.01560550936312,0.979715197920573,NaN,NaN,NaN,NaN,NaN,NaN,NaN,NaN,NaN,NaN,NaN,NaN,NaN,NaN,NaN,NaN,NaN,NaN,NaN,NaN,NaN,NaN,NaN,NaN,NaN,NaN,NaN,NaN,NaN,NaN,NaN,NaN,NaN,NaN,NaN,NaN,NaN,NaN,,__eof__
2017Q3,1.00090005642449,0.00259166666666667,-0.00186301437970189,2.45287,1.00478043585122,NaN,2.088126467,2.32042488,1.1112472911345,1.00663331854863,NaN,1.01873174133965,1.01201869893247,1.00286531959029,2.08216041198142,1.00455413166802,1.324673180091,1.00782367347756,NaN,NaN,0.013767415,NaN,NaN,0.00231130254295333,NaN,2.97658712962963,NaN,NaN,5.51168498191612,5.61902818396452,1.01555125689481,0.980896482713019,NaN,NaN,NaN,NaN,NaN,NaN,NaN,NaN,NaN,NaN,NaN,NaN,NaN,NaN,NaN,NaN,NaN,NaN,NaN,NaN,NaN,NaN,NaN,NaN,NaN,NaN,NaN,NaN,NaN,NaN,NaN,NaN,NaN,NaN,NaN,NaN,NaN,NaN,,__eof__
2017Q4,1.00590139858764,0.00301666666666667,-0.00171151240976465,2.47238333333333,1.00795530677669,NaN,2.097689338,2.355200536,1.12275945409796,1.00457964167934,NaN,1.01498676225192,1.01035967696417,1.00294843069173,2.09152262848971,1.0044963954047,1.33489224833432,1.00771440714352,NaN,NaN,0.0124554141666667,NaN,NaN,0.00243757471709944,NaN,2.98745051517683,NaN,NaN,5.53312289594735,5.70713701008284,1.01568043854447,0.96950938555916,NaN,NaN,NaN,NaN,NaN,NaN,NaN,NaN,NaN,NaN,NaN,NaN,NaN,NaN,NaN,NaN,NaN,NaN,NaN,NaN,NaN,NaN,NaN,NaN,NaN,NaN,NaN,NaN,NaN,NaN,NaN,NaN,NaN,NaN,NaN,NaN,NaN,NaN,,__eof__
2018Q1,1.00788878467963,0.0039,-0.00155373326533153,2.49321666666667,1.00842641715484,NaN,2.107527307,2.404666785,1.1409896218251,1.00468990751957,NaN,1.02100298817187,1.01623693094776,1.00314365431416,2.10092273218923,1.00449438297797,1.3454136957723,1.00788187020421,NaN,NaN,0.0114171625,NaN,NaN,0.00256214156941511,NaN,2.8603059668616,NaN,NaN,5.30049792919039,5.79834206108738,1.01598087637346,0.914140261707219,NaN,NaN,NaN,NaN,NaN,NaN,NaN,NaN,NaN,NaN,NaN,NaN,NaN,NaN,NaN,NaN,NaN,NaN,NaN,NaN,NaN,NaN,NaN,NaN,NaN,NaN,NaN,NaN,NaN,NaN,NaN,NaN,NaN,NaN,NaN,NaN,NaN,NaN,,__eof__
2018Q2,1.01002668781786,0.0046,-0.00139098767362719,2.50679,1.00544410500491,NaN,2.122951564,2.450979308,1.15451494492976,1.00731865107929,NaN,1.01925943473287,1.01185402815761,1.00590848694551,2.1104818097782,1.00454994248123,1.3560587091899,1.00791207451734,NaN,NaN,0.010767945,NaN,NaN,0.0026861154655394,NaN,2.83853631818182,NaN,NaN,5.24727610156777,5.89362651144006,1.01643305092194,0.890330612464555,NaN,NaN,NaN,NaN,NaN,NaN,NaN,NaN,NaN,NaN,NaN,NaN,NaN,NaN,NaN,NaN,NaN,NaN,NaN,NaN,NaN,NaN,NaN,NaN,NaN,NaN,NaN,NaN,NaN,NaN,NaN,NaN,NaN,NaN,NaN,NaN,NaN,NaN,,__eof__
2018Q3,1.01251772788681,0.0051,-0.0012255646489166,2.51686333333333,1.0040184193065,NaN,2.150095909,2.500206881,1.16283504867596,1.01278613486068,NaN,1.02008485866826,1.00720657951007,1.01403961861427,2.12032732206085,1.00466505431937,1.3663271535095,1.00757227120774,NaN,NaN,0.0106396941666667,NaN,NaN,0.00281092393908465,NaN,2.96095598148148,NaN,NaN,5.45427317481246,5.99370089874644,1.01698010335608,0.910000893763852,NaN,NaN,NaN,NaN,NaN,NaN,NaN,NaN,NaN,NaN,NaN,NaN,NaN,NaN,NaN,NaN,NaN,NaN,NaN,NaN,NaN,NaN,NaN,NaN,NaN,NaN,NaN,NaN,NaN,NaN,NaN,NaN,NaN,NaN,NaN,NaN,NaN,NaN,,__eof__
2018Q4,1.00966498460178,0.00579166666666667,-0.00105956938773713,2.52711,1.00407120503166,NaN,2.159505219,2.522057026,1.16788651576767,1.00437622803737,NaN,1.00873933479907,1.00434409600696,1.01356813207968,2.13059699752896,1.00484343872819,1.37830075816689,1.00876335116859,NaN,NaN,0.010633385,NaN,NaN,0.00293804363584114,NaN,3.16301761338879,NaN,NaN,5.79938260470948,6.09888021064343,1.01754830841142,0.950893017145789,NaN,NaN,NaN,NaN,NaN,NaN,NaN,NaN,NaN,NaN,NaN,NaN,NaN,NaN,NaN,NaN,NaN,NaN,NaN,NaN,NaN,NaN,NaN,NaN,NaN,NaN,NaN,NaN,NaN,NaN,NaN,NaN,NaN,NaN,NaN,NaN,NaN,NaN,,__eof__
2019Q1,1.01052849688592,0.00596666666666667,-0.000894339481128586,2.53414,1.00278183379433,NaN,2.174905208,2.56563581,1.17965408357236,1.00713125806065,NaN,1.01727906369711,1.01007595142664,1.01562268032634,2.14145001891958,1.00509388748938,1.38761624426104,1.00675867443223,NaN,NaN,0.0106388291666667,NaN,NaN,0.00306902901700689,NaN,3.13506877527151,NaN,NaN,5.72543253152633,6.20913387836032,1.0180776903151,0.922098418827825,NaN,NaN,NaN,NaN,NaN,NaN,NaN,NaN,NaN,NaN,NaN,NaN,NaN,NaN,NaN,NaN,NaN,NaN,NaN,NaN,NaN,NaN,NaN,NaN,NaN,NaN,NaN,NaN,NaN,NaN,NaN,NaN,NaN,NaN,NaN,NaN,NaN,NaN,,__eof__
2019Q2,1.01276487677492,0.00575,-0.000730288168440347,2.5522,1.00712667808408,NaN,2.190859914,2.630365395,1.20060866429272,1.00733581672494,NaN,1.02522945179815,1.0177633265651,1.01755295553862,2.15306722080162,1.00542492319662,1.40131166638833,1.00986974762218,NaN,NaN,0.0106519925,NaN,NaN,0.00320507312537881,NaN,3.24057666666667,NaN,NaN,5.90204161361398,6.32422721114365,1.01853613322535,0.933243132570292,NaN,NaN,NaN,NaN,NaN,NaN,NaN,NaN,NaN,NaN,NaN,NaN,NaN,NaN,NaN,NaN,NaN,NaN,NaN,NaN,NaN,NaN,NaN,NaN,NaN,NaN,NaN,NaN,NaN,NaN,NaN,NaN,NaN,NaN,NaN,NaN,NaN,NaN,,__eof__
2019Q3,1.01722887065032,0.00495,-0.000566471909936626,2.56085,1.00338923281874,NaN,2.220411158,2.680476067,1.20719807110607,1.01348842242772,NaN,1.01905084065326,1.0054883885227,1.02528394958734,2.16565484995028,1.00584637071572,1.41796392544048,1.01188333719869,NaN,NaN,0.0106582458333333,NaN,NaN,0.00334763069611015,NaN,3.34012666666667,NaN,NaN,6.0322856039347,6.44357735411907,1.01887189359122,0.936170278157449,NaN,NaN,NaN,NaN,NaN,NaN,NaN,NaN,NaN,NaN,NaN,NaN,NaN,NaN,NaN,NaN,NaN,NaN,NaN,NaN,NaN,NaN,NaN,NaN,NaN,NaN,NaN,NaN,NaN,NaN,NaN,NaN,NaN,NaN,NaN,NaN,NaN,NaN,,__eof__
2019Q4,1.01718734407435,0.00394166666666667,-0.000402159381948364,2.57887666666667,1.00703932938933,NaN,2.22606372,2.724202728,1.22377571833388,1.00254572761429,NaN,1.01631302048854,1.01373233409214,1.02138852529069,2.17944852999641,1.00636928827622,1.43116211060405,1.00930784269386,NaN,NaN,0.010644285,NaN,NaN,0.00349734630657026,NaN,3.41071666666667,NaN,NaN,6.14592684022731,6.56626851737725,1.01904084587108,0.935984695716064,NaN,NaN,NaN,NaN,NaN,NaN,NaN,NaN,NaN,NaN,NaN,NaN,NaN,NaN,NaN,NaN,NaN,NaN,NaN,NaN,NaN,NaN,NaN,NaN,NaN,NaN,NaN,NaN,NaN,NaN,NaN,NaN,NaN,NaN,NaN,NaN,NaN,NaN,,__eof__
2020Q1,1.00071507915993,0.002775,-0.000235911938421282,2.58803,1.00354934900596,NaN,2.180381047,2.691246962,1.23430120881985,0.979478272526718,NaN,0.987902601498313,1.00860083292084,0.993464132613231,2.19472548169874,1.00700954920113,1.43952956367068,1.00584661444335,NaN,NaN,0.0105772275,NaN,NaN,0.00365334508917655,NaN,3.53187333333333,NaN,NaN,6.34970921997524,6.6910335237333,1.0190008992209,0.948987805464228,NaN,NaN,NaN,NaN,NaN,NaN,NaN,NaN,NaN,NaN,NaN,NaN,NaN,NaN,NaN,NaN,NaN,NaN,NaN,NaN,NaN,NaN,NaN,NaN,NaN,NaN,NaN,NaN,NaN,NaN,NaN,NaN,NaN,NaN,NaN,NaN,NaN,NaN,,__eof__
2020Q2,0.911603947575933,0.000358333333333333,-6.71822167329002e-05,2.56315333333333,0.990387798183688,NaN,1.831719623,2.189486281,1.19531736926749,0.840091517728185,NaN,0.813558291719495,0.968416267217597,0.828157143076741,2.21180199713651,1.00778070678094,1.4411639242829,1.00113534355491,NaN,NaN,0.00804991333333333,NaN,NaN,0.0038140277667868,NaN,3.84763333333333,NaN,NaN,6.84313147006158,6.81622246741421,1.01870995612813,1.00394778820322,NaN,NaN,NaN,NaN,NaN,NaN,NaN,NaN,NaN,NaN,NaN,NaN,NaN,NaN,NaN,NaN,NaN,NaN,NaN,NaN,NaN,NaN,NaN,NaN,NaN,NaN,NaN,NaN,NaN,NaN,NaN,NaN,NaN,NaN,NaN,NaN,NaN,NaN,,__eof__
2020Q3,0.978537563427935,0.000283333333333333,0.00010439857962149,2.59239333333333,1.01140782317614,NaN,2.032750163,2.453313444,1.20689373866748,1.10974962405586,NaN,1.12049728983892,1.00968476632033,0.911139366001375,2.23099806555492,1.0086789271568,1.44534000530624,1.00289771409968,NaN,NaN,0.00556581666666668,NaN,NaN,0.0039781449858131,NaN,3.73285333333333,NaN,NaN,6.69532709266845,6.9398340687592,1.01813491298677,0.964767604863718,NaN,NaN,NaN,NaN,NaN,NaN,NaN,NaN,NaN,NaN,NaN,NaN,NaN,NaN,NaN,NaN,NaN,NaN,NaN,NaN,NaN,NaN,NaN,NaN,NaN,NaN,NaN,NaN,NaN,NaN,NaN,NaN,NaN,NaN,NaN,NaN,NaN,NaN,,__eof__
2020Q4,0.98312216838994,0.000233333333333333,0.000282577409255001,2.61044666666667,1.00696396380179,NaN,2.146289168,2.653143313,1.23615370778408,1.05585487437986,NaN,1.08145305260064,1.02424403091933,0.952896883808001,2.2523834472235,1.00958556710504,1.45455984747819,1.00637901264623,NaN,NaN,0.00438398083333333,NaN,NaN,0.00414547829283492,NaN,3.66074333333333,NaN,NaN,6.5698054628622,7.0597457686996,1.0172787560556,0.93060085704366,NaN,NaN,NaN,NaN,NaN,NaN,NaN,NaN,NaN,NaN,NaN,NaN,NaN,NaN,NaN,NaN,NaN,NaN,NaN,NaN,NaN,NaN,NaN,NaN,NaN,NaN,NaN,NaN,NaN,NaN,NaN,NaN,NaN,NaN,NaN,NaN,NaN,NaN,,__eof__
2021Q1,0.99326231721036,0.000125,0.000467400092912774,2.63734,1.01030219604818,NaN,2.216887671,2.775203099,1.25184651225389,1.03289328579419,NaN,1.04600572664203,1.01269486502447,0.974069677846258,2.27590255750667,1.01044187672049,1.46179808813219,1.00497624120902,NaN,NaN,0.00433752083333333,NaN,NaN,0.0043153699839389,NaN,3.55465333333333,NaN,NaN,6.4132177338609,7.17354474752016,1.01611941598876,0.894009580978484,NaN,NaN,NaN,NaN,NaN,NaN,NaN,NaN,NaN,NaN,NaN,NaN,NaN,NaN,NaN,NaN,NaN,NaN,NaN,NaN,NaN,NaN,NaN,NaN,NaN,NaN,NaN,NaN,NaN,NaN,NaN,NaN,NaN,NaN,NaN,NaN,NaN,NaN,,__eof__
2021Q2,1.00501891127668,6.66666666666667e-05,0.000656590231284169,2.68557666666667,1.01828989309936,NaN,2.16397366,2.772672284,1.2812874459849,0.976131397322386,NaN,0.999088061338317,1.02351800595586,0.94027273780208,2.30143188566582,1.01121723251065,1.48366180642637,1.01495672929913,NaN,NaN,0.00437713416666667,NaN,NaN,0.00448511973373185,NaN,3.69560333333333,NaN,NaN,6.68941266686715,7.27836688089274,1.01461232027706,0.919081543474853,NaN,NaN,NaN,NaN,NaN,NaN,NaN,NaN,NaN,NaN,NaN,NaN,NaN,NaN,NaN,NaN,NaN,NaN,NaN,NaN,NaN,NaN,NaN,NaN,NaN,NaN,NaN,NaN,NaN,NaN,NaN,NaN,NaN,NaN,NaN,NaN,NaN,NaN,,__eof__
2021Q3,1.00633258228742,0.000116666666666667,0.000844357819119603,2.72887333333333,1.01612192539653,NaN,2.312466254,3.021352262,1.30654977419619,1.06862033339167,NaN,1.08968963964297,1.01971636285866,0.992983198881873,2.32880702977039,1.01189483133309,1.50754426613552,1.01609697008153,NaN,NaN,0.004420365,NaN,NaN,0.00465037690759683,NaN,3.84673333333333,NaN,NaN,6.96314413419295,7.37071556711477,1.01268810541338,0.944703953203641,NaN,NaN,NaN,NaN,NaN,NaN,NaN,NaN,NaN,NaN,NaN,NaN,NaN,NaN,NaN,NaN,NaN,NaN,NaN,NaN,NaN,NaN,NaN,NaN,NaN,NaN,NaN,NaN,NaN,NaN,NaN,NaN,NaN,NaN,NaN,NaN,NaN,NaN,,__eof__
2021Q4,1.01799566969153,0.000133333333333333,0.00101872868372132,2.78706666666667,1.02132504012645,NaN,2.372381504,3.203019781,1.35012845766985,1.02590967539369,NaN,1.06012788422087,1.03335401707178,1.00619848423317,2.3577669229029,1.012435505717,1.52988070552867,1.01481644015032,NaN,NaN,0.00608704083333332,NaN,NaN,0.00480182126740208,NaN,3.87998666666667,NaN,NaN,7.06838217300149,7.44660350949146,1.01029587177604,0.949208879456536,NaN,NaN,NaN,NaN,NaN,NaN,NaN,NaN,NaN,NaN,NaN,NaN,NaN,NaN,NaN,NaN,NaN,NaN,NaN,NaN,NaN,NaN,NaN,NaN,NaN,NaN,NaN,NaN,NaN,NaN,NaN,NaN,NaN,NaN,NaN,NaN,NaN,NaN,,__eof__
2022Q1,1.00843851666094,0.000766666666666667,0.00116219676072868,2.84893666666667,1.0221989666555,NaN,2.406897853,3.391947445,1.40926107054033,1.01454924047494,NaN,1.05898423266715,1.04379776793427,1.00790191193929,2.38802786708573,1.01283457829901,1.57615929273657,1.03024980120388,NaN,NaN,0.00937138333333332,NaN,NaN,0.00492475190779933,NaN,3.91486666666667,NaN,NaN,7.07619289698397,7.50173174898775,1.00740313881705,0.943274584290328,NaN,NaN,NaN,NaN,NaN,NaN,NaN,NaN,NaN,NaN,NaN,NaN,NaN,NaN,NaN,NaN,NaN,NaN,NaN,NaN,NaN,NaN,NaN,NaN,NaN,NaN,NaN,NaN,NaN,NaN,NaN,NaN,NaN,NaN,NaN,NaN,NaN,NaN,,__eof__
2022Q2,1.00161966353808,0.00269166666666667,0.00125,2.91535666666667,1.02331396158333,NaN,2.437681657,3.603021298,1.47805243053523,1.0127898256927,NaN,1.06222792552731,1.04881378009578,1.00759751214532,2.41930098835776,1.01309579410821,1.62177745021141,1.02894260604563,NaN,NaN,0.0143523366666667,NaN,NaN,0.00500000000000001,NaN,3.91549666666667,NaN,NaN,7.03861637056907,7.53160013042432,1.00398153152312,0.934544618498291,NaN,NaN,NaN,NaN,NaN,NaN,NaN,NaN,NaN,NaN,NaN,NaN,NaN,NaN,NaN,NaN,NaN,NaN,NaN,NaN,NaN,NaN,NaN,NaN,NaN,NaN,NaN,NaN,NaN,NaN,NaN,NaN,NaN,NaN,NaN,NaN,NaN,NaN,,__eof__
2022Q3,1.00426012559036,0.00665833333333333,0.00125,2.95495666666667,1.01358324367402,0,2.475806838,3.699784768,1.49437537339898,1.01563993431649,NaN,1.02685620261354,1.01104354793276,1.01,2.4512938990099,1.01322403074528,1.67069908742598,1.03016544422183,NaN,NaN,0.0213177216666667,NaN,NaN,0.00500000000000001,NaN,4.38603,NaN,NaN,7.75754813433705,7.53160013042432,1,1.03,NaN,NaN,NaN,NaN,0,NaN,NaN,NaN,1,NaN,NaN,NaN,NaN,NaN,NaN,NaN,NaN,NaN,NaN,NaN,NaN,NaN,NaN,NaN,NaN,NaN,NaN,NaN,NaN,NaN,NaN,NaN,NaN,NaN,NaN,NaN,NaN,NaN,,__eof__
2022Q4,1.003406651047,0.0101,0.00125,2.98105768640476,1.00883296192886,0,2.51852335502868,3.88878825562215,1.54407472452359,1.01725357421793,1.06160132794084,1.05108499533726,1.03325760850272,1.01429377894356,2.48303145233903,1.01294726566323,1.72626254360145,1.03325760850272,1.12836415111524,1.03243060600414,0.031451533778161,-0.000948317708027571,-0.00594831770802758,0.00500000000000001,0.0124541571366217,4.80838333333333,1.09629513098026,4.68646245481501,8.30352726365084,7.53233431194664,1.00009748015158,1.10238432334065,1.0702760420783,1.09351788116339,0.047703502990157,0.00359895063399199,0.044104552356165,0.031451533778161,2.63250357581341,2.63250357581341,1,0,0,0.00348558647623297,0,0,0,0,0,0,0,0,0,0,0.044104552356165,0,0,0,0,0,0,0,0,0,0,0,0,0,0,11,,__eof__
2023Q1,1.00272439367865,0.01125,0.00125,3.00103853744468,1.00670260462622,0,2.55614196814045,4.07487372759966,1.59415000355557,1.0149367735807,1.0620068337983,1.04785178820381,1.03243060600414,1.01654746695724,2.51453281939855,1.01268665647785,1.7822462840127,1.03243060600414,1.13075264170686,1.03027497415548,0.0363913174165147,0.00593661247188032,0.000936612471880307,0.00500000000000001,0.0124541571366217,4.71853097890704,0.981313396167188,4.65486654687102,7.94530668115321,7.53343284895116,1.0001458428369,1.05467279531925,0.956719696560262,0.978780098321476,0.0388786174484961,0.00359497556356412,0.035283641884932,0.0363913174165147,2.65777032480353,2.65777032480353,1,0,0,0.00153808647623296,0,0,0,0,0,0,0,0,0,0,0,0,0,0,0,0,0,0,0,0,0,0,0,0,0,12,,__eof__
2023Q2,1.00217892180336,0.011875,0.00125,3.01828074058486,1.00574541210486,0,2.58583465124411,4.24700806878024,1.64241285371317,1.01161621047412,1.06077618618439,1.04224286510149,1.03027497415548,1.01572202335847,2.54580937675654,1.01243831741495,1.83620374419988,1.03027497415548,1.132216842675,1.02745750135075,0.0391715354138364,0.0114009913282889,0.00640099132828891,0.00500000000000001,0.0124541571366217,4.63560136050229,0.982424695572529,4.61371509806161,7.61982233814136,7.53456138917808,1.00014980424589,1.01131598039479,0.958890743065635,0.979884647707327,0.0318479006285242,0.0036209871205786,0.0282269135079456,0.0391715354138364,2.68260230514528,2.68260230514528,1,0,0,0.00112808647623296,0,0,0,0,0,0,0,0,0,0,0,0,0,0,0,0,0,0,0,0,0,0,0,0,0,13,,__eof__
2023Q3,1.00174275795731,0.011875,0.00125,3.03432281956084,1.00531497244782,0,2.61104601627662,4.40616471421764,1.68750940686249,1.00974979781495,1.05462428498092,1.03747500425237,1.02745750135075,1.01326329697893,2.57686824743532,1.0121999985397,1.8866213109865,1.02745750135075,1.12924064254634,1.02436962901919,0.0403186615208181,0.015569606956131,0.010569606956131,0.00500000000000001,0.0124541571366217,4.59971980151531,0.992259567595109,4.60807494929351,7.3978994491617,7.5354947906396,1.00012388265399,0.98174037069884,0.970755322501277,0.989719743048878,0.0262457358597925,0.00366420505343604,0.0225815308063565,0.0403186615208181,2.70737362832045,2.70737362832045,1,0,0,0.000565586476232962,0,0,0,0,0,0,0,0,0,0,0,0,0,0,0,0,0,0,0,0,0,0,0,0,0,14,,__eof__
2023Q4,1.00139396355864,0.011875,0.00125,3.04986260233375,1.0051213347086,0,2.63451012119793,4.55410214881842,1.72863338507413,1.00898647698089,1.04605348048,1.03357510311029,1.02436962901919,1.01027530314874,2.60771505844686,1.01197065897422,1.93259757243494,1.02436962901919,1.11952702652229,1.02128310047658,0.0401493825977682,0.0184731169177126,0.0134731169177126,0.00500000000000001,0.0124541571366217,4.60253127379872,1.00061122685832,4.63028833144025,7.26332693792244,7.53610378798767,1.00008081716795,0.963803995043165,0.981730021306033,0.998093003130033,0.0217803866147094,0.00371516196962427,0.0180652246450852,0.0401493825977682,2.73230651689367,2.73230651689367,1,0,0,0.000565586476232962,0,0,0,0,0,0,0,0,0,0,0,0,0,0,0,0,0,0,0,0,0,0,0,0,0,15,,__eof__
2024Q1,1.00111501548277,0.011875,0.00125,3.0652162508237,1.00503420989464,0,2.65792423271587,4.69236339832212,1.76542406309583,1.00888746311109,1.03981870562904,1.03035971635805,1.02128310047658,1.00741697051991,2.63835562681077,1.0117499679517,1.97372924074987,1.02128310047658,1.10743911122432,1.01838554402211,0.0389631553267971,0.0202061109620804,0.0152061109620803,0.00500000000000001,0.0124541571366217,4.63118652180765,1.00622597573037,4.67007790193973,7.19226725437134,7.53633020842697,1.00003004476128,0.954346088276373,0.990186898150004,1.00374457985491,0.0182195419514566,0.00376736223538846,0.0144521797160681,0.0389631553267971,2.75749831837735,2.75749831837735,1,0,0,0.000565586476232962,0,0,0,0,0,0,0,0,0,0,0,0,0,0,0,0,0,0,0,0,0,0,0,0,0,16,,__eof__
2024Q2,1.00089191296979,0.011875,0.00125,3.08052702497716,1.00499500619225,0,2.68219712731051,4.82227486080164,1.79788234492557,1.00913227483909,1.03726552121963,1.02768572070228,1.01838554402211,1.0050210984828,2.66879683556853,1.01153794751868,2.0100173265934,1.01838554402211,1.09465920268519,1.01579739695822,0.0370538649364845,0.0209258933345498,0.0159258933345498,0.00500000000000001,0.0124541571366217,4.67510936916048,1.00948414561711,4.71887279514702,7.16501323937895,7.53616470196592,0.99997803885227,0.950750616890027,0.996232528816837,1.00704708578235,0.0153784761972212,0.00381673242436664,0.0115617437728545,0.0370538649364845,2.78296651302183,2.78296651302183,1,0,0,0.000565586476232962,0,0,0,0,0,0,0,0,0,0,0,0,0,0,0,0,0,0,0,0,0,0,0,0,0,17,,__eof__
2024Q3,1.00071346675783,0.011875,0.00125,3.09585993245014,1.00497736502509,0,2.70771747648315,4.9450616616453,1.82628420601254,1.00951471795745,1.03702403542638,1.02546242269219,1.01579739695822,1.00321243109022,2.69904697406968,1.01133474759037,2.0417703681945,1.01579739695822,1.08223645959288,1.01358955345844,0.0346903703733071,0.0208179108031172,0.0158179108031172,0.00500000000000001,0.0124541571366217,4.72615531207182,1.01091866283344,4.77017950872499,7.1660922761446,7.53562856006516,0.999928857459733,0.950961451858322,1.00022175633079,1.00852774172756,0.0131104804462656,0.00386108542798198,0.00924939501828361,0.0346903703733071,2.80868381537785,2.80868381537785,1,0,0,0.000565586476232962,0,0,0,0,0,0,0,0,0,0,0,0,0,0,0,0,0,0,0,0,0,0,0,0,0,18,,__eof__
2024Q4,1.00057073269509,0.01075,0.00125,3.11124458115112,1.0049694266009,0,2.73455478325487,5.06194144960203,1.85110259286045,1.00991141321235,1.0379746736412,1.02363565835048,1.01358955345844,1.0019929657518,2.72911574903436,1.01114051561664,2.06951711576293,1.01358955345844,1.07084741556178,1.01180156220705,0.032103025035506,0.0200646683962109,0.0150646683962109,0.00500000000000001,0.0124541571366217,4.77827091281599,1.01102706053926,4.82470711456903,7.18349675464764,7.53475953775092,0.999884678191433,0.953381022799285,1.0025443417672,1.00868044899697,0.0112979239137693,0.00389840789914246,0.00739951601462689,0.032103025035506,2.83460178551134,2.83460178551134,1,0,0,-0.000559413523767039,0,0,0,0,0,0,0,0,0,0,0,0,0,0,0,0,0,0,0,0,0,0,0,0,0,19,,__eof__
2025Q1,1.00045656010316,0.010296913523767,0.00125,3.12669456852759,1.00496585433047,0,2.76256275359553,5.17413775241285,1.87294849526173,1.01024224144719,1.03936851155939,1.02216467810382,1.01180156220705,1.0012862123056,2.75901407574001,1.01095531646696,2.09394065074317,1.01180156220705,1.06090572481342,1.01040463312532,0.0295011945106736,0.0188999147067262,0.0138999147067262,0.00500000000000001,0.0124541571366217,4.83316306186613,1.0114878687399,4.87700616248124,7.21693076113766,7.53361052414961,0.999847504940861,0.957964410026666,1.00480750834952,1.00917770639618,0.00984791224724004,0.00392829943553853,0.00591961281170151,0.0295011945106736,2.86066568331843,2.86066568331843,1,0,0,0,0,0,0,0,0,0,0,0,0,0,0,0,0,0,0,0,0,0,0,0,0,0,0,0,0,20,,__eof__
2025Q2,1.0003652314098,0.00988913569515737,0.00125,3.14221625207439,1.00496424681292,0,2.79156942203428,5.28286601633837,1.89243583721755,1.01049991295256,1.04077712768019,1.02101379382001,1.01040463312532,1.00100961813194,2.78875384558626,1.01077912943894,2.11572733500036,1.01040463312532,1.05259159063376,1.00935763023047,0.0270044797208243,0.0174832477229308,0.0124832477229308,0.00500000000000001,0.0124541571366217,4.88545323982216,1.01081903864751,4.92546410183635,7.25573201941737,7.53223740993718,0.999817734908378,0.963290404235663,1.00555969945569,1.00854043272218,0.00868680699321794,0.00395111674385674,0.00473569024936121,0.0270044797208243,2.88682497433342,2.88682497433342,1,0,0,0,0,0,0,0,0,0,0,0,0,0,0,0,0,0,0,0,0,0,0,0,0,0,0,0,0,21,,__eof__
2025Q3,1.00029217445788,0.00952213564940867,0.00125,3.15781271606641,1.00496352343086,0,2.8213198648406,5.38912876932299,1.91014455201713,1.01065724626853,1.04195503753405,1.02011460306886,1.00935763023047,1.00105460721867,2.818347615101,1.01061182562297,2.1355255290698,1.00935763023047,1.04591856280009,1.00860933450165,0.0247018003788286,0.0159551030579439,0.0109551030579438,0.00500000000000001,0.0124541571366217,4.93315343036168,1.00976371857389,4.96879182637345,7.29467965643486,7.53069338820172,0.999795011541534,0.968659760847969,1.00557397498065,1.00751038977123,0.00775618988666612,0.00396763768717715,0.00378855219948897,0.0247018003788286,2.91303486585619,2.91303486585619,1,0,0,0,0,0,0,0,0,0,0,0,0,0,0,0,0,0,0,0,0,0,0,0,0,0,0,0,0,22,,__eof__
2025Q4,1.00023373273783,0.00919183560823484,0.00125,3.17348556553614,1.00496319790911,0,2.85155684037029,5.49377982492989,1.92658962541195,1.01071731564595,1.04278651056175,1.01941891910296,1.00860933450165,1.00131628926671,2.84780830087019,1.01045317675199,2.15391098268637,1.00860933450165,1.04077949695638,1.00810498294726,0.022646842544636,0.0144249456587934,0.0094249456587934,0.00500000000000001,0.0124541571366217,4.97544151579864,1.00857222181185,5.00668112065642,7.33061484874527,7.52902578589643,0.999778559261502,0.973647196490835,1.00514880027482,1.00633811183369,0.00700968471249852,0.00397884295290734,0.00303084175959117,0.022646842544636,2.93926081743534,2.93926081743534,1,0,0,0,0,0,0,0,0,0,0,0,0,0,0,0,0,0,0,0,0,0,0,0,0,0,0,0,0,23,,__eof__
2026Q1,1.00018698182019,0.00889456557117839,0.00125,3.18923573759234,1.00496305142435,0,2.88205034656053,5.59753144476467,1.94220460147229,1.01069363435389,1.043252444785,1.01888528902523,1.00810498294726,1.00170357375317,2.87714891119146,1.01030287407769,2.17136839447097,1.00810498294726,1.03697704789308,1.0077913399235,0.0208639314195005,0.0129715259281643,0.00797152592816428,0.00500000000000001,0.0124541571366217,5.01220081856205,1.00738814890029,5.03936027504117,7.36175861049236,7.5272745410831,0.999767400874544,0.978011173939868,1.00448209316964,1.00516788032386,0.00641043723329491,0.00398576382562197,0.00242467340767294,0.0208639314195005,2.96547925007964,2.96547925007964,1,0,0,0,0,0,0,0,0,0,0,0,0,0,0,0,0,0,0,0,0,0,0,0,0,0,0,0,0,24,,__eof__
2026Q2,1.00014958265939,0.00862702253782759,0.00125,3.20506386833392,1.00496298550622,0,2.91261107852444,5.70096136572258,1.95733697772336,1.01060381613402,1.04335971569783,1.01847777399351,1.0077913399235,1.00214312849106,2.90638232775193,1.0101605504139,2.18828626373144,1.0077913399235,1.03429502825376,1.00762000419203,0.0193549855395677,0.0116462369729862,0.00664623697298622,0.00500000000000001,0.0124541571366217,5.04377833830627,1.00630013059877,5.0673798911529,7.38734779810081,7.52547182718329,0.999760509080681,0.981645798130086,1.00371634219226,1.0040891815842,0.00592912003569278,0.00398938130955443,0.00193973872613835,0.0193549855395677,2.9916768076171,2.9916768076171,1,0,0,0,0,0,0,0,0,0,0,0,0,0,0,0,0,0,0,0,0,0,0,0,0,0,0,0,0,25,,__eof__
2026Q3,1.00011966433762,0.00838623380781187,0.00125,3.22097045878665,1.00496295584306,0,2.94309487283867,5.80452443629133,1.97225189369881,1.01046613965696,1.04316242532994,1.01816589587704,1.00762000419203,1.00258002981665,2.93552114076809,1.01002580174602,2.20496101423443,1.00762000419203,1.03251447206762,1.00754925581096,0.0181060477685071,0.0104776931714896,0.00547769317148957,0.00500000000000001,0.0124541571366217,5.07079910792431,1.00535724764366,5.09145776005338,7.40733918814286,7.52364243640996,0.999756906833839,0.984541630034906,1.00294997636656,1.00315198471049,0.00554235672130158,0.0039905657403909,0.00155179098091068,0.0181060477685071,3.017848897499,3.017848897499,1,0,0,0,0,0,0,0,0,0,0,0,0,0,0,0,0,0,0,0,0,0,0,0,0,0,0,0,0,26,,__eof__
2026Q4,1.00009573032459,0.00816952395079772,0.00125,3.23695594995054,1.00496294249464,0,2.97340142314429,5.90856766261361,1.98714092776799,1.01029751048304,1.04272914397112,1.01792450483484,1.00754925581096,1.00297644037701,2.96457753486872,1.00989820638561,2.22160682898407,1.00754925581096,1.03142926835967,1.0075447935875,0.0170929496248219,0.00947665661922741,0.0044766566192274,0.00500000000000001,0.0124541571366217,5.09402146064252,1.00457962388648,5.11236400756821,7.42216078069174,7.5218046166921,0.999755727397548,0.986752668930109,1.00224575460067,1.00237724920773,0.00523147985021114,0.0039900470654826,0.00124143278472855,0.0170929496248219,3.04399792341745,3.04399792341745,1,0,0,0,0,0,0,0,0,0,0,0,0,0,0,0,0,0,0,0,0,0,0,0,0,0,0,0,0,27,,__eof__
2027Q1,1.00007658352655,0.00797448507948498,0.00125,3.25302075674411,1.00496293648785,0,3.00346953758379,6.01334696510361,2.00213349589728,1.0101123629677,1.04212944828259,1.01773345224647,1.0075447935875,1.003309206263,2.99356321942935,1.0097773406901,2.23836839394135,1.0075447935875,1.03085611803183,1.00757968247663,0.0162859432641113,0.00864076652089762,0.00364076652089761,0.00500000000000001,0.0124541571366217,5.11423059593195,1.0039672261779,5.13084146173962,7.43251125613346,7.51997113082056,0.999756243884949,0.988369652866266,1.00163869223471,1.00176567655406,0.00498155335575038,0.00398840712796754,0.000993146227782836,0.0162859432641113,3.07013148048586,3.07013148048586,1,0,0,0,0,0,0,0,0,0,0,0,0,0,0,0,0,0,0,0,0,0,0,0,0,0,0,0,0,28,,__eof__
2027Q2,1.00006126635205,0.00779895009530352,0.00125,3.26916528336039,1.00496293378479,0,3.03327060761526,6.11904419346081,2.01730903207201,1.00992221484472,1.04142658454487,1.01757710455934,1.00757968247663,1.00356699754289,3.02248939536856,1.00966279106834,2.25533451563315,1.00757968247663,1.03063961649486,1.00763378179652,0.01565328207467,0.0079587449557856,0.00295874495578559,0.00500000000000001,0.0124541571366217,5.13216652805288,1.00350706363049,5.14755590236673,7.43920714449964,7.51815037217029,0.999757876909552,0.98949964768424,1.00114329169729,1.00130488751995,0.00478060364967135,0.00398608666744508,0.000794516982226269,0.01565328207467,3.09626068500957,3.09626068500957,1,0,0,0,0,0,0,0,0,0,0,0,0,0,0,0,0,0,0,0,0,0,0,0,0,0,0,0,0,29,,__eof__
2027Q3,1.00004901278137,0.00764096860954021,0.00125,3.28538993021673,1.00496293256842,0,3.06280149381047,6.22578333178219,2.03270872903899,1.00973565830924,1.04067372142045,1.01744375999694,1.00763378179652,1.00374741704676,3.05136675003547,1.00955416244343,2.27255124720365,1.00763378179652,1.03065370885602,1.00769287225225,0.0151638072435729,0.00741390079958129,0.00241390079958128,0.00500000000000001,0.0124541571366217,5.14848080994361,1.0031788294089,5.16307000388041,7.44307395915331,7.5163474264682,0.999760187597635,0.990251452845718,1.00075978315226,1.00097506010047,0.00461901479723449,0.00398340121145348,0.000635613585781015,0.0151638072435729,3.12239873671884,3.12239873671884,1,0,0,0,0,0,0,0,0,0,0,0,0,0,0,0,0,0,0,0,0,0,0,0,0,0,0,0,0,30,,__eof__
